-- phpMyAdmin SQL Dump
-- version 5.2.1
-- https://www.phpmyadmin.net/
--
-- Servidor: 127.0.0.1:3306
-- Tiempo de generación: 23-04-2025 a las 21:14:57
-- Versión del servidor: 10.11.10-MariaDB
-- Versión de PHP: 7.2.34

SET SQL_MODE = "NO_AUTO_VALUE_ON_ZERO";
START TRANSACTION;
SET time_zone = "+00:00";


/*!40101 SET @OLD_CHARACTER_SET_CLIENT=@@CHARACTER_SET_CLIENT */;
/*!40101 SET @OLD_CHARACTER_SET_RESULTS=@@CHARACTER_SET_RESULTS */;
/*!40101 SET @OLD_COLLATION_CONNECTION=@@COLLATION_CONNECTION */;
/*!40101 SET NAMES utf8mb4 */;

--
-- Base de datos: `u937419443_smartcloth_bdd`
--

-- --------------------------------------------------------

--
-- Estructura de tabla para la tabla `alimentos`
--
-- Creación: 31-03-2024 a las 18:45:47
-- Última actualización: 22-01-2025 a las 19:31:58
--

CREATE TABLE `alimentos` (
  `id` bigint(20) UNSIGNED NOT NULL,
  `peso` double(6,2) NOT NULL,
  `user_id` bigint(20) UNSIGNED NOT NULL,
  `plato_id` bigint(20) UNSIGNED NOT NULL,
  `tipoalimento_id` bigint(20) UNSIGNED NOT NULL,
  `created_at` timestamp NULL DEFAULT NULL,
  `updated_at` timestamp NULL DEFAULT NULL
) ENGINE=InnoDB DEFAULT CHARSET=utf8mb4 COLLATE=utf8mb4_unicode_ci;

--
-- Volcado de datos para la tabla `alimentos`
--

INSERT INTO `alimentos` (`id`, `peso`, `user_id`, `plato_id`, `tipoalimento_id`, `created_at`, `updated_at`) VALUES
(1, 53.50, 1, 1, 15, '2024-03-31 19:00:51', '2024-03-31 19:00:51'),
(2, 95.80, 1, 1, 9, '2024-03-31 19:00:51', '2024-03-31 19:00:51'),
(3, 24.40, 1, 2, 15, '2024-03-31 19:00:51', '2024-03-31 19:00:51'),
(4, 53.50, 1, 3, 15, '2024-03-31 19:00:51', '2024-03-31 19:00:51'),
(5, 32.90, 1, 3, 9, '2024-03-31 19:00:51', '2024-03-31 19:00:51'),
(6, 32.07, 1, 4, 3, '2024-03-31 19:00:51', '2024-03-31 19:00:51'),
(7, 46.65, 1, 4, 21, '2024-03-31 19:00:51', '2024-03-31 19:00:51'),
(8, 16.23, 1, 4, 10, '2024-03-31 19:00:51', '2024-03-31 19:00:51'),
(9, 83.50, 1, 5, 20, '2024-03-31 19:00:51', '2024-03-31 19:00:51'),
(10, 35.40, 1, 5, 3, '2024-03-31 19:00:51', '2024-03-31 19:00:51'),
(11, 93.40, 1, 6, 12, '2024-03-31 19:00:51', '2024-03-31 19:00:51'),
(12, 125.50, 1, 7, 1, '2024-03-31 19:00:51', '2024-03-31 19:00:51'),
(13, 41.90, 1, 7, 5, '2024-03-31 19:00:51', '2024-03-31 19:00:51'),
(116, 91.00, 1, 16, 15, '2024-04-01 10:00:00', '2024-04-01 10:00:00'),
(117, 32.00, 1, 16, 17, '2024-04-01 10:00:00', '2024-04-01 10:00:00'),
(118, 179.00, 1, 17, 19, '2024-04-01 10:00:00', '2024-04-01 10:00:00'),
(119, 13.00, 1, 17, 13, '2024-04-01 10:00:00', '2024-04-01 10:00:00'),
(120, 55.00, 1, 18, 24, '2024-04-01 10:00:00', '2024-04-01 10:00:00'),
(121, 15.00, 1, 18, 14, '2024-04-01 10:00:00', '2024-04-01 10:00:00'),
(122, 86.00, 1, 19, 26, '2024-04-01 10:00:00', '2024-04-01 10:00:00'),
(123, 42.00, 1, 19, 19, '2024-04-01 10:00:00', '2024-04-01 10:00:00'),
(124, 75.00, 1, 20, 9, '2024-04-02 10:00:00', '2024-04-02 10:00:00'),
(125, 32.00, 1, 20, 17, '2024-04-02 10:00:00', '2024-04-02 10:00:00'),
(126, 179.00, 1, 21, 19, '2024-04-02 10:00:00', '2024-04-02 10:00:00'),
(127, 13.00, 1, 21, 14, '2024-04-02 10:00:00', '2024-04-02 10:00:00'),
(128, 47.00, 1, 22, 9, '2024-04-02 10:00:00', '2024-04-02 10:00:00'),
(129, 17.00, 1, 22, 11, '2024-04-02 10:00:00', '2024-04-02 10:00:00'),
(130, 71.00, 1, 23, 26, '2024-04-02 10:00:00', '2024-04-02 10:00:00'),
(131, 47.00, 1, 23, 20, '2024-04-02 10:00:00', '2024-04-02 10:00:00'),
(132, 74.00, 1, 24, 8, '2024-04-03 10:00:00', '2024-04-03 10:00:00'),
(133, 26.00, 1, 24, 18, '2024-04-03 10:00:00', '2024-04-03 10:00:00'),
(134, 204.00, 1, 25, 26, '2024-04-03 10:00:00', '2024-04-03 10:00:00'),
(135, 13.00, 1, 25, 20, '2024-04-03 10:00:00', '2024-04-03 10:00:00'),
(136, 53.00, 1, 26, 26, '2024-04-03 10:00:00', '2024-04-03 10:00:00'),
(137, 16.00, 1, 26, 11, '2024-04-03 10:00:00', '2024-04-03 10:00:00'),
(138, 78.00, 1, 27, 25, '2024-04-03 10:00:00', '2024-04-03 10:00:00'),
(139, 46.00, 1, 27, 19, '2024-04-03 10:00:00', '2024-04-03 10:00:00'),
(140, 90.00, 1, 28, 9, '2024-04-04 10:00:00', '2024-04-04 10:00:00'),
(141, 29.00, 1, 28, 24, '2024-04-04 10:00:00', '2024-04-04 10:00:00'),
(142, 179.00, 1, 29, 26, '2024-04-04 10:00:00', '2024-04-04 10:00:00'),
(143, 15.00, 1, 29, 19, '2024-04-04 10:00:00', '2024-04-04 10:00:00'),
(144, 54.00, 1, 30, 26, '2024-04-04 10:00:00', '2024-04-04 10:00:00'),
(145, 15.00, 1, 30, 20, '2024-04-04 10:00:00', '2024-04-04 10:00:00'),
(146, 72.00, 1, 31, 25, '2024-04-04 10:00:00', '2024-04-04 10:00:00'),
(147, 53.00, 1, 31, 20, '2024-04-04 10:00:00', '2024-04-04 10:00:00'),
(148, 75.00, 1, 32, 22, '2024-04-05 10:00:00', '2024-04-05 10:00:00'),
(149, 25.00, 1, 32, 17, '2024-04-05 10:00:00', '2024-04-05 10:00:00'),
(150, 203.00, 1, 33, 25, '2024-04-05 10:00:00', '2024-04-05 10:00:00'),
(151, 13.00, 1, 33, 13, '2024-04-05 10:00:00', '2024-04-05 10:00:00'),
(152, 44.00, 1, 34, 19, '2024-04-05 10:00:00', '2024-04-05 10:00:00'),
(153, 12.00, 1, 34, 19, '2024-04-05 10:00:00', '2024-04-05 10:00:00'),
(154, 86.00, 1, 35, 24, '2024-04-05 10:00:00', '2024-04-05 10:00:00'),
(155, 42.00, 1, 35, 20, '2024-04-05 10:00:00', '2024-04-05 10:00:00'),
(156, 78.00, 1, 36, 15, '2024-04-06 10:00:00', '2024-04-06 10:00:00'),
(157, 25.00, 1, 36, 20, '2024-04-06 10:00:00', '2024-04-06 10:00:00'),
(158, 205.00, 1, 37, 9, '2024-04-06 10:00:00', '2024-04-06 10:00:00'),
(159, 12.00, 1, 37, 20, '2024-04-06 10:00:00', '2024-04-06 10:00:00'),
(160, 47.00, 1, 38, 19, '2024-04-06 10:00:00', '2024-04-06 10:00:00'),
(161, 15.00, 1, 38, 19, '2024-04-06 10:00:00', '2024-04-06 10:00:00'),
(162, 90.00, 1, 39, 25, '2024-04-06 10:00:00', '2024-04-06 10:00:00'),
(163, 46.00, 1, 39, 10, '2024-04-06 10:00:00', '2024-04-06 10:00:00'),
(164, 72.00, 1, 40, 10, '2024-04-07 10:00:00', '2024-04-07 10:00:00'),
(165, 32.00, 1, 40, 24, '2024-04-07 10:00:00', '2024-04-07 10:00:00'),
(166, 158.00, 1, 41, 19, '2024-04-07 10:00:00', '2024-04-07 10:00:00'),
(167, 15.00, 1, 41, 20, '2024-04-07 10:00:00', '2024-04-07 10:00:00'),
(168, 55.00, 1, 42, 19, '2024-04-07 10:00:00', '2024-04-07 10:00:00'),
(169, 15.00, 1, 42, 20, '2024-04-07 10:00:00', '2024-04-07 10:00:00'),
(170, 77.00, 1, 43, 25, '2024-04-07 10:00:00', '2024-04-07 10:00:00'),
(171, 49.00, 1, 43, 20, '2024-04-07 10:00:00', '2024-04-07 10:00:00'),
(172, 82.00, 1, 44, 15, '2024-04-08 10:00:00', '2024-04-08 10:00:00'),
(173, 34.00, 1, 44, 10, '2024-04-08 10:00:00', '2024-04-08 10:00:00'),
(174, 169.00, 1, 45, 9, '2024-04-08 10:00:00', '2024-04-08 10:00:00'),
(175, 14.00, 1, 45, 14, '2024-04-08 10:00:00', '2024-04-08 10:00:00'),
(176, 45.00, 1, 46, 19, '2024-04-08 10:00:00', '2024-04-08 10:00:00'),
(177, 14.00, 1, 46, 13, '2024-04-08 10:00:00', '2024-04-08 10:00:00'),
(178, 79.00, 1, 47, 24, '2024-04-08 10:00:00', '2024-04-08 10:00:00'),
(179, 49.00, 1, 47, 26, '2024-04-08 10:00:00', '2024-04-08 10:00:00'),
(180, 83.00, 1, 48, 15, '2024-04-09 10:00:00', '2024-04-09 10:00:00'),
(181, 31.00, 1, 48, 17, '2024-04-09 10:00:00', '2024-04-09 10:00:00'),
(182, 166.00, 1, 49, 25, '2024-04-09 10:00:00', '2024-04-09 10:00:00'),
(183, 17.00, 1, 49, 14, '2024-04-09 10:00:00', '2024-04-09 10:00:00'),
(184, 46.00, 1, 50, 24, '2024-04-09 10:00:00', '2024-04-09 10:00:00'),
(185, 15.00, 1, 50, 11, '2024-04-09 10:00:00', '2024-04-09 10:00:00'),
(186, 78.00, 1, 51, 24, '2024-04-09 10:00:00', '2024-04-09 10:00:00'),
(187, 51.00, 1, 51, 26, '2024-04-09 10:00:00', '2024-04-09 10:00:00'),
(188, 74.00, 1, 52, 15, '2024-04-10 10:00:00', '2024-04-10 10:00:00'),
(189, 32.00, 1, 52, 24, '2024-04-10 10:00:00', '2024-04-10 10:00:00'),
(190, 176.00, 1, 53, 26, '2024-04-10 10:00:00', '2024-04-10 10:00:00'),
(191, 13.00, 1, 53, 11, '2024-04-10 10:00:00', '2024-04-10 10:00:00'),
(192, 48.00, 1, 54, 25, '2024-04-10 10:00:00', '2024-04-10 10:00:00'),
(193, 13.00, 1, 54, 20, '2024-04-10 10:00:00', '2024-04-10 10:00:00'),
(194, 87.00, 1, 55, 25, '2024-04-10 10:00:00', '2024-04-10 10:00:00'),
(195, 54.00, 1, 55, 10, '2024-04-10 10:00:00', '2024-04-10 10:00:00'),
(196, 85.00, 1, 56, 8, '2024-04-11 10:00:00', '2024-04-11 10:00:00'),
(197, 31.00, 1, 56, 18, '2024-04-11 10:00:00', '2024-04-11 10:00:00'),
(198, 201.00, 1, 57, 25, '2024-04-11 10:00:00', '2024-04-11 10:00:00'),
(199, 14.00, 1, 57, 19, '2024-04-11 10:00:00', '2024-04-11 10:00:00'),
(200, 52.00, 1, 58, 19, '2024-04-11 10:00:00', '2024-04-11 10:00:00'),
(201, 12.00, 1, 58, 13, '2024-04-11 10:00:00', '2024-04-11 10:00:00'),
(202, 88.00, 1, 59, 18, '2024-04-11 10:00:00', '2024-04-11 10:00:00'),
(203, 53.00, 1, 59, 26, '2024-04-11 10:00:00', '2024-04-11 10:00:00'),
(204, 68.00, 1, 60, 15, '2024-04-12 10:00:00', '2024-04-12 10:00:00'),
(205, 32.00, 1, 60, 17, '2024-04-12 10:00:00', '2024-04-12 10:00:00'),
(206, 158.00, 1, 61, 19, '2024-04-12 10:00:00', '2024-04-12 10:00:00'),
(207, 16.00, 1, 61, 14, '2024-04-12 10:00:00', '2024-04-12 10:00:00'),
(208, 51.00, 1, 62, 24, '2024-04-12 10:00:00', '2024-04-12 10:00:00'),
(209, 12.00, 1, 62, 14, '2024-04-12 10:00:00', '2024-04-12 10:00:00'),
(210, 70.00, 1, 63, 24, '2024-04-12 10:00:00', '2024-04-12 10:00:00'),
(211, 51.00, 1, 63, 10, '2024-04-12 10:00:00', '2024-04-12 10:00:00'),
(212, 68.00, 1, 64, 8, '2024-04-13 10:00:00', '2024-04-13 10:00:00'),
(213, 30.00, 1, 64, 20, '2024-04-13 10:00:00', '2024-04-13 10:00:00'),
(214, 165.00, 1, 65, 26, '2024-04-13 10:00:00', '2024-04-13 10:00:00'),
(215, 15.00, 1, 65, 19, '2024-04-13 10:00:00', '2024-04-13 10:00:00'),
(216, 49.00, 1, 66, 19, '2024-04-13 10:00:00', '2024-04-13 10:00:00'),
(217, 16.00, 1, 66, 14, '2024-04-13 10:00:00', '2024-04-13 10:00:00'),
(218, 70.00, 1, 67, 24, '2024-04-13 10:00:00', '2024-04-13 10:00:00'),
(219, 47.00, 1, 67, 10, '2024-04-13 10:00:00', '2024-04-13 10:00:00'),
(220, 84.00, 1, 68, 15, '2024-04-14 10:00:00', '2024-04-14 10:00:00'),
(221, 32.00, 1, 68, 17, '2024-04-14 10:00:00', '2024-04-14 10:00:00'),
(222, 200.00, 1, 69, 24, '2024-04-14 10:00:00', '2024-04-14 10:00:00'),
(223, 17.00, 1, 69, 13, '2024-04-14 10:00:00', '2024-04-14 10:00:00'),
(224, 43.00, 1, 70, 24, '2024-04-14 10:00:00', '2024-04-14 10:00:00'),
(225, 14.00, 1, 70, 13, '2024-04-14 10:00:00', '2024-04-14 10:00:00'),
(226, 85.00, 1, 71, 24, '2024-04-14 10:00:00', '2024-04-14 10:00:00'),
(227, 52.00, 1, 71, 19, '2024-04-14 10:00:00', '2024-04-14 10:00:00'),
(228, 75.00, 1, 72, 10, '2024-04-15 10:00:00', '2024-04-15 10:00:00'),
(229, 29.00, 1, 72, 17, '2024-04-15 10:00:00', '2024-04-15 10:00:00'),
(230, 165.00, 1, 73, 19, '2024-04-15 10:00:00', '2024-04-15 10:00:00'),
(231, 14.00, 1, 73, 14, '2024-04-15 10:00:00', '2024-04-15 10:00:00'),
(232, 51.00, 1, 74, 25, '2024-04-15 10:00:00', '2024-04-15 10:00:00'),
(233, 16.00, 1, 74, 19, '2024-04-15 10:00:00', '2024-04-15 10:00:00'),
(234, 73.00, 1, 75, 26, '2024-04-15 10:00:00', '2024-04-15 10:00:00'),
(235, 49.00, 1, 75, 20, '2024-04-15 10:00:00', '2024-04-15 10:00:00'),
(236, 73.00, 1, 76, 15, '2024-04-16 10:00:00', '2024-04-16 10:00:00'),
(237, 33.00, 1, 76, 20, '2024-04-16 10:00:00', '2024-04-16 10:00:00'),
(238, 185.00, 1, 77, 9, '2024-04-16 10:00:00', '2024-04-16 10:00:00'),
(239, 15.00, 1, 77, 13, '2024-04-16 10:00:00', '2024-04-16 10:00:00'),
(240, 42.00, 1, 78, 24, '2024-04-16 10:00:00', '2024-04-16 10:00:00'),
(241, 12.00, 1, 78, 13, '2024-04-16 10:00:00', '2024-04-16 10:00:00'),
(242, 73.00, 1, 79, 26, '2024-04-16 10:00:00', '2024-04-16 10:00:00'),
(243, 43.00, 1, 79, 10, '2024-04-16 10:00:00', '2024-04-16 10:00:00'),
(244, 81.00, 1, 80, 15, '2024-04-17 10:00:00', '2024-04-17 10:00:00'),
(245, 30.00, 1, 80, 18, '2024-04-17 10:00:00', '2024-04-17 10:00:00'),
(246, 193.00, 1, 81, 26, '2024-04-17 10:00:00', '2024-04-17 10:00:00'),
(247, 12.00, 1, 81, 13, '2024-04-17 10:00:00', '2024-04-17 10:00:00'),
(248, 46.00, 1, 82, 9, '2024-04-17 10:00:00', '2024-04-17 10:00:00'),
(249, 17.00, 1, 82, 20, '2024-04-17 10:00:00', '2024-04-17 10:00:00'),
(250, 87.00, 1, 83, 18, '2024-04-17 10:00:00', '2024-04-17 10:00:00'),
(251, 46.00, 1, 83, 19, '2024-04-17 10:00:00', '2024-04-17 10:00:00'),
(252, 82.00, 1, 84, 22, '2024-04-18 10:00:00', '2024-04-18 10:00:00'),
(253, 32.00, 1, 84, 24, '2024-04-18 10:00:00', '2024-04-18 10:00:00'),
(254, 175.00, 1, 85, 19, '2024-04-18 10:00:00', '2024-04-18 10:00:00'),
(255, 14.00, 1, 85, 14, '2024-04-18 10:00:00', '2024-04-18 10:00:00'),
(256, 50.00, 1, 86, 24, '2024-04-18 10:00:00', '2024-04-18 10:00:00'),
(257, 17.00, 1, 86, 19, '2024-04-18 10:00:00', '2024-04-18 10:00:00'),
(258, 76.00, 1, 87, 26, '2024-04-18 10:00:00', '2024-04-18 10:00:00'),
(259, 43.00, 1, 87, 10, '2024-04-18 10:00:00', '2024-04-18 10:00:00'),
(260, 79.00, 1, 88, 8, '2024-04-19 10:00:00', '2024-04-19 10:00:00'),
(261, 33.00, 1, 88, 10, '2024-04-19 10:00:00', '2024-04-19 10:00:00'),
(262, 165.00, 1, 89, 26, '2024-04-19 10:00:00', '2024-04-19 10:00:00'),
(263, 16.00, 1, 89, 20, '2024-04-19 10:00:00', '2024-04-19 10:00:00'),
(264, 54.00, 1, 90, 9, '2024-04-19 10:00:00', '2024-04-19 10:00:00'),
(265, 17.00, 1, 90, 20, '2024-04-19 10:00:00', '2024-04-19 10:00:00'),
(266, 74.00, 1, 91, 24, '2024-04-19 10:00:00', '2024-04-19 10:00:00'),
(267, 44.00, 1, 91, 19, '2024-04-19 10:00:00', '2024-04-19 10:00:00'),
(268, 78.00, 1, 92, 15, '2024-04-20 10:00:00', '2024-04-20 10:00:00'),
(269, 29.00, 1, 92, 10, '2024-04-20 10:00:00', '2024-04-20 10:00:00'),
(270, 180.00, 1, 93, 9, '2024-04-20 10:00:00', '2024-04-20 10:00:00'),
(271, 17.00, 1, 93, 13, '2024-04-20 10:00:00', '2024-04-20 10:00:00'),
(272, 44.00, 1, 94, 9, '2024-04-20 10:00:00', '2024-04-20 10:00:00'),
(273, 16.00, 1, 94, 14, '2024-04-20 10:00:00', '2024-04-20 10:00:00'),
(274, 84.00, 1, 95, 18, '2024-04-20 10:00:00', '2024-04-20 10:00:00'),
(275, 56.00, 1, 95, 20, '2024-04-20 10:00:00', '2024-04-20 10:00:00'),
(276, 84.00, 1, 96, 10, '2024-04-21 10:00:00', '2024-04-21 10:00:00'),
(277, 32.00, 1, 96, 17, '2024-04-21 10:00:00', '2024-04-21 10:00:00'),
(278, 179.00, 1, 97, 24, '2024-04-21 10:00:00', '2024-04-21 10:00:00'),
(279, 12.00, 1, 97, 20, '2024-04-21 10:00:00', '2024-04-21 10:00:00'),
(280, 51.00, 1, 98, 19, '2024-04-21 10:00:00', '2024-04-21 10:00:00'),
(281, 15.00, 1, 98, 20, '2024-04-21 10:00:00', '2024-04-21 10:00:00'),
(282, 74.00, 1, 99, 26, '2024-04-21 10:00:00', '2024-04-21 10:00:00'),
(283, 49.00, 1, 99, 19, '2024-04-21 10:00:00', '2024-04-21 10:00:00'),
(284, 87.00, 1, 100, 9, '2024-04-22 10:00:00', '2024-04-22 10:00:00'),
(285, 25.00, 1, 100, 24, '2024-04-22 10:00:00', '2024-04-22 10:00:00'),
(286, 163.00, 1, 101, 26, '2024-04-22 10:00:00', '2024-04-22 10:00:00'),
(287, 17.00, 1, 101, 14, '2024-04-22 10:00:00', '2024-04-22 10:00:00'),
(288, 53.00, 1, 102, 9, '2024-04-22 10:00:00', '2024-04-22 10:00:00'),
(289, 16.00, 1, 102, 13, '2024-04-22 10:00:00', '2024-04-22 10:00:00'),
(290, 87.00, 1, 103, 25, '2024-04-22 10:00:00', '2024-04-22 10:00:00'),
(291, 44.00, 1, 103, 19, '2024-04-22 10:00:00', '2024-04-22 10:00:00'),
(292, 85.00, 1, 104, 8, '2024-04-23 10:00:00', '2024-04-23 10:00:00'),
(293, 28.00, 1, 104, 10, '2024-04-23 10:00:00', '2024-04-23 10:00:00'),
(294, 166.00, 1, 105, 19, '2024-04-23 10:00:00', '2024-04-23 10:00:00'),
(295, 12.00, 1, 105, 11, '2024-04-23 10:00:00', '2024-04-23 10:00:00'),
(296, 49.00, 1, 106, 26, '2024-04-23 10:00:00', '2024-04-23 10:00:00'),
(297, 14.00, 1, 106, 14, '2024-04-23 10:00:00', '2024-04-23 10:00:00'),
(298, 83.00, 1, 107, 25, '2024-04-23 10:00:00', '2024-04-23 10:00:00'),
(299, 53.00, 1, 107, 20, '2024-04-23 10:00:00', '2024-04-23 10:00:00'),
(300, 73.00, 1, 108, 10, '2024-04-24 10:00:00', '2024-04-24 10:00:00'),
(301, 25.00, 1, 108, 18, '2024-04-24 10:00:00', '2024-04-24 10:00:00'),
(302, 180.00, 1, 109, 9, '2024-04-24 10:00:00', '2024-04-24 10:00:00'),
(303, 15.00, 1, 109, 20, '2024-04-24 10:00:00', '2024-04-24 10:00:00'),
(304, 47.00, 1, 110, 25, '2024-04-24 10:00:00', '2024-04-24 10:00:00'),
(305, 16.00, 1, 110, 19, '2024-04-24 10:00:00', '2024-04-24 10:00:00'),
(306, 84.00, 1, 111, 25, '2024-04-24 10:00:00', '2024-04-24 10:00:00'),
(307, 42.00, 1, 111, 20, '2024-04-24 10:00:00', '2024-04-24 10:00:00'),
(308, 86.00, 1, 112, 15, '2024-04-25 10:00:00', '2024-04-25 10:00:00'),
(309, 30.00, 1, 112, 20, '2024-04-25 10:00:00', '2024-04-25 10:00:00'),
(310, 194.00, 1, 113, 9, '2024-04-25 10:00:00', '2024-04-25 10:00:00'),
(311, 16.00, 1, 113, 13, '2024-04-25 10:00:00', '2024-04-25 10:00:00'),
(312, 53.00, 1, 114, 26, '2024-04-25 10:00:00', '2024-04-25 10:00:00'),
(313, 17.00, 1, 114, 19, '2024-04-25 10:00:00', '2024-04-25 10:00:00'),
(314, 78.00, 1, 115, 24, '2024-04-25 10:00:00', '2024-04-25 10:00:00'),
(315, 53.00, 1, 115, 20, '2024-04-25 10:00:00', '2024-04-25 10:00:00'),
(316, 84.00, 1, 116, 15, '2024-04-26 10:00:00', '2024-04-26 10:00:00'),
(317, 32.00, 1, 116, 10, '2024-04-26 10:00:00', '2024-04-26 10:00:00'),
(318, 161.00, 1, 117, 26, '2024-04-26 10:00:00', '2024-04-26 10:00:00'),
(319, 13.00, 1, 117, 11, '2024-04-26 10:00:00', '2024-04-26 10:00:00'),
(320, 56.00, 1, 118, 25, '2024-04-26 10:00:00', '2024-04-26 10:00:00'),
(321, 13.00, 1, 118, 13, '2024-04-26 10:00:00', '2024-04-26 10:00:00'),
(322, 79.00, 1, 119, 25, '2024-04-26 10:00:00', '2024-04-26 10:00:00'),
(323, 44.00, 1, 119, 10, '2024-04-26 10:00:00', '2024-04-26 10:00:00'),
(324, 81.00, 1, 120, 15, '2024-04-27 10:00:00', '2024-04-27 10:00:00'),
(325, 27.00, 1, 120, 24, '2024-04-27 10:00:00', '2024-04-27 10:00:00'),
(326, 156.00, 1, 121, 25, '2024-04-27 10:00:00', '2024-04-27 10:00:00'),
(327, 16.00, 1, 121, 13, '2024-04-27 10:00:00', '2024-04-27 10:00:00'),
(328, 50.00, 1, 122, 24, '2024-04-27 10:00:00', '2024-04-27 10:00:00'),
(329, 14.00, 1, 122, 11, '2024-04-27 10:00:00', '2024-04-27 10:00:00'),
(330, 84.00, 1, 123, 26, '2024-04-27 10:00:00', '2024-04-27 10:00:00'),
(331, 48.00, 1, 123, 19, '2024-04-27 10:00:00', '2024-04-27 10:00:00'),
(332, 84.00, 1, 124, 8, '2024-04-28 10:00:00', '2024-04-28 10:00:00'),
(333, 33.00, 1, 124, 18, '2024-04-28 10:00:00', '2024-04-28 10:00:00'),
(334, 158.00, 1, 125, 24, '2024-04-28 10:00:00', '2024-04-28 10:00:00'),
(335, 13.00, 1, 125, 11, '2024-04-28 10:00:00', '2024-04-28 10:00:00'),
(336, 54.00, 1, 126, 19, '2024-04-28 10:00:00', '2024-04-28 10:00:00'),
(337, 17.00, 1, 126, 19, '2024-04-28 10:00:00', '2024-04-28 10:00:00'),
(338, 69.00, 1, 127, 25, '2024-04-28 10:00:00', '2024-04-28 10:00:00'),
(339, 54.00, 1, 127, 10, '2024-04-28 10:00:00', '2024-04-28 10:00:00'),
(340, 77.00, 1, 128, 22, '2024-04-29 10:00:00', '2024-04-29 10:00:00'),
(341, 53.00, 1, 128, 17, '2024-04-29 10:00:00', '2024-04-29 10:00:00'),
(342, 191.00, 1, 129, 25, '2024-04-29 10:00:00', '2024-04-29 10:00:00'),
(343, 27.00, 1, 129, 11, '2024-04-29 10:00:00', '2024-04-29 10:00:00'),
(344, 62.00, 1, 130, 25, '2024-04-29 10:00:00', '2024-04-29 10:00:00'),
(345, 13.00, 1, 130, 11, '2024-04-29 10:00:00', '2024-04-29 10:00:00'),
(346, 92.00, 1, 131, 18, '2024-04-29 10:00:00', '2024-04-29 10:00:00'),
(347, 52.00, 1, 131, 20, '2024-04-29 10:00:00', '2024-04-29 10:00:00'),
(348, 84.00, 1, 132, 10, '2024-04-30 10:00:00', '2024-04-30 10:00:00'),
(349, 31.00, 1, 132, 18, '2024-04-30 10:00:00', '2024-04-30 10:00:00'),
(350, 198.00, 1, 133, 19, '2024-04-30 10:00:00', '2024-04-30 10:00:00'),
(351, 16.00, 1, 133, 14, '2024-04-30 10:00:00', '2024-04-30 10:00:00'),
(352, 56.00, 1, 134, 9, '2024-04-30 10:00:00', '2024-04-30 10:00:00'),
(353, 14.00, 1, 134, 11, '2024-04-30 10:00:00', '2024-04-30 10:00:00'),
(354, 72.00, 1, 135, 18, '2024-04-30 10:00:00', '2024-04-30 10:00:00'),
(355, 53.00, 1, 135, 19, '2024-04-30 10:00:00', '2024-04-30 10:00:00'),
(356, 53.50, 4, 136, 15, '2024-05-02 14:25:18', '2024-05-02 14:25:18'),
(357, 53.50, 4, 136, 9, '2024-05-02 14:25:18', '2024-05-02 14:25:18'),
(358, 24.40, 4, 137, 15, '2024-05-02 14:25:22', '2024-05-02 14:25:22'),
(359, 53.50, 4, 138, 15, '2024-05-02 14:25:26', '2024-05-02 14:25:26'),
(360, 53.50, 4, 138, 9, '2024-05-02 14:25:26', '2024-05-02 14:25:26'),
(361, 32.07, 4, 139, 3, '2024-05-02 14:25:26', '2024-05-02 14:25:26'),
(362, 46.65, 4, 139, 21, '2024-05-02 14:25:26', '2024-05-02 14:25:26'),
(363, 16.23, 4, 139, 10, '2024-05-02 14:25:26', '2024-05-02 14:25:26'),
(364, 53.50, 4, 140, 15, '2024-05-06 08:35:28', '2024-05-06 08:35:28'),
(365, 53.50, 4, 140, 9, '2024-05-06 08:35:28', '2024-05-06 08:35:28'),
(366, 24.40, 4, 141, 15, '2024-05-06 08:35:28', '2024-05-06 08:35:28'),
(367, 53.50, 4, 142, 15, '2024-05-06 09:55:44', '2024-05-06 09:55:44'),
(368, 53.50, 4, 142, 9, '2024-05-06 09:55:44', '2024-05-06 09:55:44'),
(369, 24.40, 4, 143, 15, '2024-05-06 09:55:44', '2024-05-06 09:55:44'),
(370, 53.50, 4, 144, 15, '2024-05-07 14:11:23', '2024-05-07 14:11:23'),
(371, 53.50, 4, 144, 9, '2024-05-07 14:11:23', '2024-05-07 14:11:23'),
(372, 24.40, 4, 145, 15, '2024-05-07 14:11:24', '2024-05-07 14:11:24'),
(373, 53.50, 4, 146, 15, '2024-05-07 14:11:25', '2024-05-07 14:11:25'),
(374, 53.50, 4, 146, 9, '2024-05-07 14:11:25', '2024-05-07 14:11:25'),
(375, 32.07, 4, 147, 3, '2024-05-07 14:11:25', '2024-05-07 14:11:25'),
(376, 46.65, 4, 147, 21, '2024-05-07 14:11:25', '2024-05-07 14:11:25'),
(377, 16.23, 4, 147, 10, '2024-05-07 14:11:25', '2024-05-07 14:11:25'),
(378, 53.50, 4, 148, 15, '2024-05-07 14:37:08', '2024-05-07 14:37:08'),
(379, 53.50, 4, 148, 9, '2024-05-07 14:37:08', '2024-05-07 14:37:08'),
(380, 24.40, 4, 149, 15, '2024-05-07 14:37:09', '2024-05-07 14:37:09'),
(381, 53.50, 4, 150, 15, '2024-05-07 14:37:11', '2024-05-07 14:37:11'),
(382, 53.50, 4, 150, 9, '2024-05-07 14:37:11', '2024-05-07 14:37:11'),
(383, 32.07, 4, 151, 3, '2024-05-07 14:37:11', '2024-05-07 14:37:11'),
(384, 46.65, 4, 151, 21, '2024-05-07 14:37:11', '2024-05-07 14:37:11'),
(385, 16.23, 4, 151, 10, '2024-05-07 14:37:11', '2024-05-07 14:37:11'),
(386, 53.50, 4, 152, 15, '2024-05-07 15:02:44', '2024-05-07 15:02:44'),
(387, 53.50, 4, 152, 9, '2024-05-07 15:02:44', '2024-05-07 15:02:44'),
(388, 24.40, 4, 153, 15, '2024-05-07 15:02:45', '2024-05-07 15:02:45'),
(389, 53.50, 4, 154, 15, '2024-05-07 15:02:46', '2024-05-07 15:02:46'),
(390, 53.50, 4, 154, 9, '2024-05-07 15:02:46', '2024-05-07 15:02:46'),
(391, 32.07, 4, 155, 3, '2024-05-07 15:02:46', '2024-05-07 15:02:46'),
(392, 46.65, 4, 155, 21, '2024-05-07 15:02:46', '2024-05-07 15:02:46'),
(393, 16.23, 4, 155, 10, '2024-05-07 15:02:46', '2024-05-07 15:02:46'),
(394, 53.50, 7, 156, 15, '2024-05-28 12:29:09', '2024-05-28 12:29:09'),
(395, 53.50, 7, 156, 9, '2024-05-28 12:29:09', '2024-05-28 12:29:09'),
(396, 24.40, 7, 157, 15, '2024-05-28 12:29:10', '2024-05-28 12:29:10'),
(397, 53.50, 7, 158, 15, '2024-05-28 12:29:11', '2024-05-28 12:29:11'),
(398, 53.50, 7, 158, 9, '2024-05-28 12:29:11', '2024-05-28 12:29:11'),
(399, 32.07, 7, 159, 3, '2024-05-28 12:29:11', '2024-05-28 12:29:11'),
(400, 46.65, 7, 159, 21, '2024-05-28 12:29:11', '2024-05-28 12:29:11'),
(401, 16.23, 7, 159, 10, '2024-05-28 12:29:11', '2024-05-28 12:29:11'),
(402, 53.50, 7, 160, 15, '2024-05-28 12:40:01', '2024-05-28 12:40:01'),
(403, 53.50, 7, 160, 9, '2024-05-28 12:40:01', '2024-05-28 12:40:01'),
(404, 24.40, 7, 161, 15, '2024-05-28 12:40:02', '2024-05-28 12:40:02'),
(405, 53.50, 7, 162, 15, '2024-05-28 12:40:04', '2024-05-28 12:40:04'),
(406, 53.50, 7, 162, 9, '2024-05-28 12:40:04', '2024-05-28 12:40:04'),
(407, 32.07, 7, 163, 3, '2024-05-28 12:40:04', '2024-05-28 12:40:04'),
(408, 46.65, 7, 163, 21, '2024-05-28 12:40:04', '2024-05-28 12:40:04'),
(409, 16.23, 7, 163, 10, '2024-05-28 12:40:04', '2024-05-28 12:40:04'),
(410, 53.50, 7, 164, 15, '2024-05-28 12:58:41', '2024-05-28 12:58:41'),
(411, 53.50, 7, 164, 9, '2024-05-28 12:58:41', '2024-05-28 12:58:41'),
(412, 24.40, 7, 165, 15, '2024-05-28 12:58:42', '2024-05-28 12:58:42'),
(413, 53.50, 7, 166, 15, '2024-05-28 12:58:43', '2024-05-28 12:58:43'),
(414, 53.50, 7, 166, 9, '2024-05-28 12:58:43', '2024-05-28 12:58:43'),
(415, 32.07, 7, 167, 3, '2024-05-28 12:58:43', '2024-05-28 12:58:43'),
(416, 46.65, 7, 167, 21, '2024-05-28 12:58:43', '2024-05-28 12:58:43'),
(417, 16.23, 7, 167, 10, '2024-05-28 12:58:43', '2024-05-28 12:58:43'),
(418, 53.50, 7, 168, 15, '2024-05-28 13:04:52', '2024-05-28 13:04:52'),
(419, 53.50, 7, 168, 9, '2024-05-28 13:04:52', '2024-05-28 13:04:52'),
(420, 24.40, 7, 169, 15, '2024-05-28 13:04:53', '2024-05-28 13:04:53'),
(421, 53.50, 7, 170, 15, '2024-05-28 13:04:55', '2024-05-28 13:04:55'),
(422, 53.50, 7, 170, 9, '2024-05-28 13:04:55', '2024-05-28 13:04:55'),
(423, 32.07, 7, 171, 3, '2024-05-28 13:04:55', '2024-05-28 13:04:55'),
(424, 46.65, 7, 171, 21, '2024-05-28 13:04:55', '2024-05-28 13:04:55'),
(425, 16.23, 7, 171, 10, '2024-05-28 13:04:55', '2024-05-28 13:04:55'),
(426, 53.50, 7, 172, 15, '2024-05-28 13:11:14', '2024-05-28 13:11:14'),
(427, 53.50, 7, 172, 9, '2024-05-28 13:11:14', '2024-05-28 13:11:14'),
(428, 24.40, 7, 173, 15, '2024-05-28 13:11:16', '2024-05-28 13:11:16'),
(429, 53.50, 7, 174, 15, '2024-05-28 13:11:17', '2024-05-28 13:11:17'),
(430, 53.50, 7, 174, 9, '2024-05-28 13:11:17', '2024-05-28 13:11:17'),
(431, 32.07, 7, 175, 3, '2024-05-28 13:11:17', '2024-05-28 13:11:17'),
(432, 46.65, 7, 175, 21, '2024-05-28 13:11:17', '2024-05-28 13:11:17'),
(433, 16.23, 7, 175, 10, '2024-05-28 13:11:17', '2024-05-28 13:11:17'),
(434, 53.50, 7, 176, 15, '2024-05-30 08:22:44', '2024-05-30 08:22:44'),
(435, 53.50, 7, 176, 9, '2024-05-30 08:22:44', '2024-05-30 08:22:44'),
(436, 24.40, 7, 177, 15, '2024-05-30 08:22:46', '2024-05-30 08:22:46'),
(437, 53.50, 7, 178, 15, '2024-05-30 08:22:48', '2024-05-30 08:22:48'),
(438, 53.50, 7, 178, 9, '2024-05-30 08:22:48', '2024-05-30 08:22:48'),
(439, 32.07, 7, 179, 3, '2024-05-30 08:22:48', '2024-05-30 08:22:48'),
(440, 46.65, 7, 179, 21, '2024-05-30 08:22:48', '2024-05-30 08:22:48'),
(441, 16.23, 7, 179, 10, '2024-05-30 08:22:48', '2024-05-30 08:22:48'),
(442, 53.50, 4, 180, 15, '2024-06-23 18:11:18', '2024-06-23 18:11:18'),
(443, 53.50, 4, 180, 9, '2024-06-23 18:11:18', '2024-06-23 18:11:18'),
(444, 24.40, 4, 181, 15, '2024-06-23 18:11:21', '2024-06-23 18:11:21'),
(445, 53.50, 4, 182, 15, '2024-06-23 18:11:23', '2024-06-23 18:11:23'),
(446, 53.50, 4, 182, 9, '2024-06-23 18:11:23', '2024-06-23 18:11:23'),
(447, 32.07, 4, 183, 3, '2024-06-23 18:11:23', '2024-06-23 18:11:23'),
(448, 46.65, 4, 183, 21, '2024-06-23 18:11:23', '2024-06-23 18:11:23'),
(449, 16.23, 4, 183, 10, '2024-06-23 18:11:23', '2024-06-23 18:11:23'),
(450, 6.89, 4, 184, 6, '2024-06-23 18:13:09', '2024-06-23 18:13:09'),
(451, 32.90, 4, 185, 10, '2024-06-23 18:13:09', '2024-06-23 18:13:09'),
(452, 53.50, 4, 186, 15, '2024-06-23 19:19:28', '2024-06-23 19:19:28'),
(453, 53.50, 4, 186, 9, '2024-06-23 19:19:28', '2024-06-23 19:19:28'),
(454, 24.40, 4, 187, 15, '2024-06-23 19:19:30', '2024-06-23 19:19:30'),
(455, 53.50, 4, 188, 15, '2024-06-23 19:19:31', '2024-06-23 19:19:31'),
(456, 53.50, 4, 188, 9, '2024-06-23 19:19:31', '2024-06-23 19:19:31'),
(457, 32.07, 4, 189, 3, '2024-06-23 19:19:31', '2024-06-23 19:19:31'),
(458, 46.65, 4, 189, 21, '2024-06-23 19:19:31', '2024-06-23 19:19:31'),
(459, 16.23, 4, 189, 10, '2024-06-23 19:19:31', '2024-06-23 19:19:31'),
(460, 24.40, 7, 190, 15, '2024-06-24 11:37:10', '2024-06-24 11:37:10'),
(461, 53.50, 7, 191, 15, '2024-06-24 11:37:11', '2024-06-24 11:37:11'),
(462, 53.50, 7, 191, 9, '2024-06-24 11:37:11', '2024-06-24 11:37:11'),
(463, 32.07, 7, 192, 3, '2024-06-24 11:37:11', '2024-06-24 11:37:11'),
(464, 46.65, 7, 192, 21, '2024-06-24 11:37:11', '2024-06-24 11:37:11'),
(465, 16.23, 7, 192, 10, '2024-06-24 11:37:11', '2024-06-24 11:37:11'),
(466, 32.96, 7, 193, 20, '2024-06-24 12:20:45', '2024-06-24 12:20:45'),
(467, 35.67, 7, 194, 15, '2024-06-24 12:21:40', '2024-06-24 12:21:40'),
(468, 32.08, 7, 195, 20, '2024-06-24 12:22:38', '2024-06-24 12:22:38'),
(469, 34.39, 7, 196, 15, '2024-06-24 12:40:01', '2024-06-24 12:40:01'),
(470, 53.50, 7, 197, 15, '2024-06-24 15:14:21', '2024-06-24 15:14:21'),
(471, 53.50, 7, 197, 9, '2024-06-24 15:14:21', '2024-06-24 15:14:21'),
(472, 24.40, 7, 198, 15, '2024-06-24 15:14:21', '2024-06-24 15:14:21'),
(473, 53.50, 7, 199, 15, '2024-06-24 15:15:26', '2024-06-24 15:15:26'),
(474, 53.50, 7, 199, 9, '2024-06-24 15:15:26', '2024-06-24 15:15:26'),
(475, 53.50, 10, 201, 15, '2024-06-24 15:36:53', '2024-06-24 15:36:53'),
(476, 53.50, 10, 201, 9, '2024-06-24 15:36:53', '2024-06-24 15:36:53'),
(477, 24.40, 10, 202, 13, '2024-06-24 15:36:53', '2024-06-24 15:36:53'),
(478, 15.97, 10, 207, 19, '2024-06-24 16:16:47', '2024-06-24 16:16:47'),
(479, 33.55, 10, 208, 6, '2024-06-24 16:16:47', '2024-06-24 16:16:47'),
(480, 47.62, 10, 209, 7, '2024-06-25 17:03:19', '2024-06-25 17:03:19'),
(481, 53.41, 10, 209, 7, '2024-06-25 17:03:19', '2024-06-25 17:03:19'),
(482, 106.71, 10, 210, 24, '2024-06-25 17:03:19', '2024-06-25 17:03:19'),
(483, 53.26, 10, 210, 22, '2024-06-25 17:03:19', '2024-06-25 17:03:19'),
(484, 123.80, 10, 211, 6, '2024-06-25 17:03:19', '2024-06-25 17:03:19'),
(485, 24.26, 10, 211, 12, '2024-06-25 17:03:19', '2024-06-25 17:03:19'),
(486, 44.38, 10, 212, 8, '2024-06-25 17:05:50', '2024-06-25 17:05:50'),
(487, 48.11, 10, 216, 7, '2024-06-26 15:14:09', '2024-06-26 15:14:09'),
(488, 54.31, 10, 216, 7, '2024-06-26 15:14:09', '2024-06-26 15:14:09'),
(489, 110.86, 10, 217, 16, '2024-06-26 15:14:09', '2024-06-26 15:14:09'),
(490, 49.22, 10, 217, 22, '2024-06-26 15:14:09', '2024-06-26 15:14:09'),
(491, 123.26, 10, 218, 6, '2024-06-26 15:14:09', '2024-06-26 15:14:09'),
(492, 20.07, 10, 218, 12, '2024-06-26 15:14:09', '2024-06-26 15:14:09'),
(493, 95.52, 10, 219, 7, '2024-06-26 15:45:12', '2024-06-26 15:45:12'),
(494, 100.07, 10, 220, 24, '2024-06-26 15:45:12', '2024-06-26 15:45:12'),
(495, 52.51, 10, 220, 22, '2024-06-26 15:45:12', '2024-06-26 15:45:12'),
(496, 122.15, 10, 221, 6, '2024-06-26 15:45:12', '2024-06-26 15:45:12'),
(497, 22.90, 10, 221, 12, '2024-06-26 15:45:12', '2024-06-26 15:45:12'),
(498, 102.67, 10, 222, 7, '2024-06-26 16:14:06', '2024-06-26 16:14:06'),
(499, 103.80, 10, 223, 24, '2024-06-26 16:14:06', '2024-06-26 16:14:06'),
(500, 50.92, 10, 223, 22, '2024-06-26 16:14:06', '2024-06-26 16:14:06'),
(501, 121.57, 10, 224, 6, '2024-06-26 16:14:06', '2024-06-26 16:14:06'),
(502, 22.39, 10, 224, 12, '2024-06-26 16:14:06', '2024-06-26 16:14:06'),
(503, 99.35, 10, 225, 7, '2024-06-26 16:52:53', '2024-06-26 16:52:53'),
(504, 101.36, 10, 226, 25, '2024-06-26 16:52:53', '2024-06-26 16:52:53'),
(505, 50.75, 10, 226, 22, '2024-06-26 16:52:53', '2024-06-26 16:52:53'),
(506, 98.73, 10, 227, 6, '2024-06-26 16:52:53', '2024-06-26 16:52:53'),
(507, 18.34, 10, 227, 12, '2024-06-26 16:52:53', '2024-06-26 16:52:53'),
(508, 22.50, 10, 227, 6, '2024-06-26 16:52:53', '2024-06-26 16:52:53'),
(509, 99.35, 10, 228, 7, '2024-06-26 16:56:11', '2024-06-26 16:56:11'),
(510, 101.36, 10, 229, 25, '2024-06-26 16:56:11', '2024-06-26 16:56:11'),
(511, 50.75, 10, 229, 22, '2024-06-26 16:56:11', '2024-06-26 16:56:11'),
(512, 98.73, 10, 230, 6, '2024-06-26 16:56:11', '2024-06-26 16:56:11'),
(513, 18.34, 10, 230, 12, '2024-06-26 16:56:11', '2024-06-26 16:56:11'),
(514, 22.50, 10, 230, 6, '2024-06-26 16:56:11', '2024-06-26 16:56:11'),
(515, 104.81, 10, 231, 7, '2024-06-26 17:15:40', '2024-06-26 17:15:40'),
(516, 107.72, 10, 232, 17, '2024-06-26 17:15:40', '2024-06-26 17:15:40'),
(517, 49.66, 10, 232, 22, '2024-06-26 17:15:40', '2024-06-26 17:15:40'),
(518, 119.92, 10, 233, 6, '2024-06-26 17:15:40', '2024-06-26 17:15:40'),
(519, 17.45, 10, 233, 11, '2024-06-26 17:15:40', '2024-06-26 17:15:40'),
(520, 18.72, 10, 234, 12, '2024-07-10 16:04:24', '2024-07-10 16:04:24'),
(521, 99.04, 10, 234, 6, '2024-07-10 16:04:24', '2024-07-10 16:04:24'),
(522, 17.53, 10, 234, 6, '2024-07-10 16:04:24', '2024-07-10 16:04:24'),
(523, 100.11, 10, 235, 7, '2024-07-10 16:30:26', '2024-07-10 16:30:26'),
(524, 104.37, 10, 236, 26, '2024-07-10 16:30:26', '2024-07-10 16:30:26'),
(525, 50.85, 10, 237, 22, '2024-07-10 16:30:26', '2024-07-10 16:30:26'),
(526, 108.08, 10, 238, 7, '2024-07-10 16:30:26', '2024-07-10 16:30:26'),
(527, 20.10, 10, 238, 12, '2024-07-10 16:30:26', '2024-07-10 16:30:26'),
(528, 21.67, 10, 238, 6, '2024-07-10 16:30:26', '2024-07-10 16:30:26'),
(529, 43.50, 10, 239, 21, '2024-07-22 09:47:17', '2024-07-22 09:47:17'),
(530, 53.50, 10, 239, 9, '2024-07-22 09:47:17', '2024-07-22 09:47:17'),
(531, 53.50, 10, 240, 15, '2024-07-22 09:48:06', '2024-07-22 09:48:06'),
(532, 53.50, 10, 240, 9, '2024-07-22 09:48:06', '2024-07-22 09:48:06'),
(533, 24.40, 10, 241, 13, '2024-07-22 09:48:06', '2024-07-22 09:48:06'),
(534, 43.50, 10, 242, 21, '2024-07-22 09:48:34', '2024-07-22 09:48:34'),
(535, 53.50, 10, 242, 9, '2024-07-22 09:48:34', '2024-07-22 09:48:34'),
(536, 43.50, 10, 243, 21, '2024-07-27 20:17:19', '2024-07-27 20:17:19'),
(537, 53.50, 10, 243, 9, '2024-07-27 20:17:19', '2024-07-27 20:17:19'),
(538, 33.80, 10, 243, 27, '2024-07-27 20:17:19', '2024-07-27 20:17:19'),
(539, 171.69, 13, 248, 28, '2024-08-31 02:00:21', '2024-08-31 02:00:21'),
(540, 171.69, 13, 249, 28, '2024-08-31 02:26:34', '2024-08-31 02:26:34'),
(541, 40.24, 13, 250, 29, '2024-09-30 21:17:08', '2024-09-30 21:17:08'),
(542, 18.52, 13, 250, 10, '2024-09-30 21:17:08', '2024-09-30 21:17:08'),
(543, 40.24, 13, 251, 29, '2024-09-30 21:28:51', '2024-09-30 21:28:51'),
(544, 18.52, 13, 251, 10, '2024-09-30 21:28:51', '2024-09-30 21:28:51'),
(545, 40.24, 13, 252, 29, '2024-09-30 21:45:28', '2024-09-30 21:45:28'),
(546, 18.52, 13, 252, 10, '2024-09-30 21:45:28', '2024-09-30 21:45:28'),
(547, 399.02, 14, 253, 21, '2024-10-02 10:55:44', '2024-10-02 10:55:44'),
(548, 12.32, 14, 253, 7, '2024-10-02 10:55:44', '2024-10-02 10:55:44'),
(549, 399.02, 14, 254, 21, '2024-10-02 11:38:46', '2024-10-02 11:38:46'),
(550, 12.32, 14, 254, 7, '2024-10-02 11:38:46', '2024-10-02 11:38:46'),
(551, 22.83, 13, 255, 10, '2024-10-03 20:17:32', '2024-10-03 20:17:32'),
(552, 22.83, 13, 256, 10, '2024-10-03 20:57:09', '2024-10-03 20:57:09'),
(553, 17.63, 13, 257, 30, '2024-10-04 00:03:12', '2024-10-04 00:03:12'),
(554, 49.71, 13, 257, 31, '2024-10-04 00:03:19', '2024-10-04 00:03:19'),
(555, 73.71, 13, 258, 20, '2024-10-04 00:03:19', '2024-10-04 00:03:19'),
(556, 72.52, 15, 259, 1, '2025-01-21 18:41:26', '2025-01-21 18:41:26'),
(557, 26.45, 15, 259, 32, '2025-01-21 18:41:26', '2025-01-21 18:41:26'),
(558, 27.51, 15, 260, 32, '2025-01-22 19:03:24', '2025-01-22 19:03:24'),
(559, 72.48, 15, 260, 32, '2025-01-22 19:03:24', '2025-01-22 19:03:24'),
(560, 27.51, 15, 261, 32, '2025-01-22 19:31:58', '2025-01-22 19:31:58'),
(561, 72.48, 15, 261, 32, '2025-01-22 19:31:58', '2025-01-22 19:31:58');

-- --------------------------------------------------------

--
-- Estructura de tabla para la tabla `barcodes`
--
-- Creación: 31-03-2024 a las 18:45:47
-- Última actualización: 21-01-2025 a las 18:41:26
--

CREATE TABLE `barcodes` (
  `tipoalimento_id` bigint(20) UNSIGNED NOT NULL,
  `ean` varchar(255) NOT NULL,
  `nombre` varchar(255) NOT NULL,
  `created_at` timestamp NULL DEFAULT NULL,
  `updated_at` timestamp NULL DEFAULT NULL
) ENGINE=InnoDB DEFAULT CHARSET=utf8mb4 COLLATE=utf8mb4_unicode_ci;

--
-- Volcado de datos para la tabla `barcodes`
--

INSERT INTO `barcodes` (`tipoalimento_id`, `ean`, `nombre`, `created_at`, `updated_at`) VALUES
(28, '8410376026962', 'Digestive Avena Choco', '2024-07-27 20:17:19', '2024-07-27 20:17:19'),
(29, '8411735253098', 'Filetes de caballa de Andalucía', '2024-08-31 02:00:21', '2024-08-31 02:00:21'),
(30, '8411735202140', 'Atún en aceite de oliva', '2024-09-30 21:17:08', '2024-09-30 21:17:08'),
(31, '5601560111905', 'Mini tostadas de trigo extra finas', '2024-10-04 00:03:19', '2024-10-04 00:03:19'),
(32, '2014060076149', 'Barritas cereales', '2025-01-21 18:41:26', '2025-01-21 18:41:26');

-- --------------------------------------------------------

--
-- Estructura de tabla para la tabla `comidas`
--
-- Creación: 31-03-2024 a las 18:45:47
-- Última actualización: 22-01-2025 a las 19:31:58
--

CREATE TABLE `comidas` (
  `id` bigint(20) UNSIGNED NOT NULL,
  `fecha` timestamp NOT NULL,
  `created_at` timestamp NULL DEFAULT NULL,
  `updated_at` timestamp NULL DEFAULT NULL
) ENGINE=InnoDB DEFAULT CHARSET=utf8mb4 COLLATE=utf8mb4_unicode_ci;

--
-- Volcado de datos para la tabla `comidas`
--

INSERT INTO `comidas` (`id`, `fecha`, `created_at`, `updated_at`) VALUES
(1, '2023-12-05 18:25:25', '2024-03-31 19:00:51', '2024-03-31 19:00:51'),
(2, '2023-12-05 18:25:25', '2024-03-31 19:00:51', '2024-03-31 19:00:51'),
(3, '2023-12-05 18:25:25', '2024-03-31 19:00:51', '2024-03-31 19:00:51'),
(4, '2023-12-15 00:38:45', '2024-03-31 19:00:51', '2024-03-31 19:00:51'),
(5, '2023-12-15 00:38:45', '2024-03-31 19:00:51', '2024-03-31 19:00:51'),
(6, '2023-12-15 00:38:45', '2024-03-31 19:00:51', '2024-03-31 19:00:51'),
(7, '2024-01-19 17:55:36', '2024-04-15 12:10:34', '2024-04-15 12:10:34'),
(8, '2024-01-19 18:25:25', '2024-04-15 12:10:34', '2024-04-15 12:10:34'),
(9, '2024-01-19 10:39:36', '2024-04-15 12:10:34', '2024-04-15 12:10:34'),
(13, '2024-07-01 08:30:00', '2024-04-01 10:00:00', '2024-04-01 10:00:00'),
(14, '2024-07-01 14:30:00', '2024-04-01 10:00:00', '2024-04-01 10:00:00'),
(15, '2024-07-01 21:30:00', '2024-04-01 10:00:00', '2024-04-01 10:00:00'),
(16, '2024-07-02 08:30:00', '2024-04-02 10:00:00', '2024-04-02 10:00:00'),
(17, '2024-07-02 14:30:00', '2024-04-02 10:00:00', '2024-04-02 10:00:00'),
(18, '2024-07-02 21:30:00', '2024-04-02 10:00:00', '2024-04-02 10:00:00'),
(19, '2024-07-03 08:30:00', '2024-04-03 10:00:00', '2024-04-03 10:00:00'),
(20, '2024-07-03 14:30:00', '2024-04-03 10:00:00', '2024-04-03 10:00:00'),
(21, '2024-07-03 21:30:00', '2024-04-03 10:00:00', '2024-04-03 10:00:00'),
(22, '2024-07-04 08:30:00', '2024-04-04 10:00:00', '2024-04-04 10:00:00'),
(23, '2024-07-04 14:30:00', '2024-04-04 10:00:00', '2024-04-04 10:00:00'),
(24, '2024-07-04 21:30:00', '2024-04-04 10:00:00', '2024-04-04 10:00:00'),
(25, '2024-07-05 08:30:00', '2024-04-05 10:00:00', '2024-04-05 10:00:00'),
(26, '2024-07-05 14:30:00', '2024-04-05 10:00:00', '2024-04-05 10:00:00'),
(27, '2024-07-05 21:30:00', '2024-04-05 10:00:00', '2024-04-05 10:00:00'),
(28, '2024-07-06 08:30:00', '2024-04-06 10:00:00', '2024-04-06 10:00:00'),
(29, '2024-07-06 14:30:00', '2024-04-06 10:00:00', '2024-04-06 10:00:00'),
(30, '2024-07-06 21:30:00', '2024-04-06 10:00:00', '2024-04-06 10:00:00'),
(31, '2024-07-07 08:30:00', '2024-04-07 10:00:00', '2024-04-07 10:00:00'),
(32, '2024-07-07 14:30:00', '2024-04-07 10:00:00', '2024-04-07 10:00:00'),
(33, '2024-07-07 21:30:00', '2024-04-07 10:00:00', '2024-04-07 10:00:00'),
(34, '2024-07-08 08:30:00', '2024-04-08 10:00:00', '2024-04-08 10:00:00'),
(35, '2024-07-08 14:30:00', '2024-04-08 10:00:00', '2024-04-08 10:00:00'),
(36, '2024-07-08 21:30:00', '2024-04-08 10:00:00', '2024-04-08 10:00:00'),
(37, '2024-07-09 08:30:00', '2024-04-09 10:00:00', '2024-04-09 10:00:00'),
(38, '2024-07-09 14:30:00', '2024-04-09 10:00:00', '2024-04-09 10:00:00'),
(39, '2024-07-09 21:30:00', '2024-04-09 10:00:00', '2024-04-09 10:00:00'),
(40, '2024-07-10 08:30:00', '2024-04-10 10:00:00', '2024-04-10 10:00:00'),
(41, '2024-07-10 14:30:00', '2024-04-10 10:00:00', '2024-04-10 10:00:00'),
(42, '2024-07-10 21:30:00', '2024-04-10 10:00:00', '2024-04-10 10:00:00'),
(43, '2024-07-11 08:30:00', '2024-04-11 10:00:00', '2024-04-11 10:00:00'),
(44, '2024-07-11 14:30:00', '2024-04-11 10:00:00', '2024-04-11 10:00:00'),
(45, '2024-07-11 21:30:00', '2024-04-11 10:00:00', '2024-04-11 10:00:00'),
(46, '2024-07-12 08:30:00', '2024-04-12 10:00:00', '2024-04-12 10:00:00'),
(47, '2024-07-12 14:30:00', '2024-04-12 10:00:00', '2024-04-12 10:00:00'),
(48, '2024-07-12 21:30:00', '2024-04-12 10:00:00', '2024-04-12 10:00:00'),
(49, '2024-07-13 08:30:00', '2024-04-13 10:00:00', '2024-04-13 10:00:00'),
(50, '2024-07-13 14:30:00', '2024-04-13 10:00:00', '2024-04-13 10:00:00'),
(51, '2024-07-13 21:30:00', '2024-04-13 10:00:00', '2024-04-13 10:00:00'),
(52, '2024-07-14 08:30:00', '2024-04-14 10:00:00', '2024-04-14 10:00:00'),
(53, '2024-07-14 14:30:00', '2024-04-14 10:00:00', '2024-04-14 10:00:00'),
(54, '2024-07-14 21:30:00', '2024-04-14 10:00:00', '2024-04-14 10:00:00'),
(55, '2024-07-15 08:30:00', '2024-04-15 10:00:00', '2024-04-15 10:00:00'),
(56, '2024-07-15 14:30:00', '2024-04-15 10:00:00', '2024-04-15 10:00:00'),
(57, '2024-07-15 21:30:00', '2024-04-15 10:00:00', '2024-04-15 10:00:00'),
(58, '2024-07-16 08:30:00', '2024-04-16 10:00:00', '2024-04-16 10:00:00'),
(59, '2024-07-16 14:30:00', '2024-04-16 10:00:00', '2024-04-16 10:00:00'),
(60, '2024-07-16 21:30:00', '2024-04-16 10:00:00', '2024-04-16 10:00:00'),
(61, '2024-07-17 08:30:00', '2024-04-17 10:00:00', '2024-04-17 10:00:00'),
(62, '2024-07-17 14:30:00', '2024-04-17 10:00:00', '2024-04-17 10:00:00'),
(63, '2024-07-17 21:30:00', '2024-04-17 10:00:00', '2024-04-17 10:00:00'),
(64, '2024-07-18 08:30:00', '2024-04-18 10:00:00', '2024-04-18 10:00:00'),
(65, '2024-07-18 14:30:00', '2024-04-18 10:00:00', '2024-04-18 10:00:00'),
(66, '2024-07-18 21:30:00', '2024-04-18 10:00:00', '2024-04-18 10:00:00'),
(67, '2024-07-19 08:30:00', '2024-04-19 10:00:00', '2024-04-19 10:00:00'),
(68, '2024-07-19 14:30:00', '2024-04-19 10:00:00', '2024-04-19 10:00:00'),
(69, '2024-07-19 21:30:00', '2024-04-19 10:00:00', '2024-04-19 10:00:00'),
(70, '2024-07-20 08:30:00', '2024-04-20 10:00:00', '2024-04-20 10:00:00'),
(71, '2024-07-20 14:30:00', '2024-04-20 10:00:00', '2024-04-20 10:00:00'),
(72, '2024-07-20 21:30:00', '2024-04-20 10:00:00', '2024-04-20 10:00:00'),
(73, '2024-07-21 08:30:00', '2024-04-21 10:00:00', '2024-04-21 10:00:00'),
(74, '2024-07-21 14:30:00', '2024-04-21 10:00:00', '2024-04-21 10:00:00'),
(75, '2024-07-21 21:30:00', '2024-04-21 10:00:00', '2024-04-21 10:00:00'),
(76, '2024-07-22 08:30:00', '2024-04-22 10:00:00', '2024-04-22 10:00:00'),
(77, '2024-07-22 14:30:00', '2024-04-22 10:00:00', '2024-04-22 10:00:00'),
(78, '2024-07-22 21:30:00', '2024-04-22 10:00:00', '2024-04-22 10:00:00'),
(79, '2024-07-23 08:30:00', '2024-04-23 10:00:00', '2024-04-23 10:00:00'),
(80, '2024-07-23 14:30:00', '2024-04-23 10:00:00', '2024-04-23 10:00:00'),
(81, '2024-07-23 21:30:00', '2024-04-23 10:00:00', '2024-04-23 10:00:00'),
(82, '2024-07-24 08:30:00', '2024-04-24 10:00:00', '2024-04-24 10:00:00'),
(83, '2024-07-24 14:30:00', '2024-04-24 10:00:00', '2024-04-24 10:00:00'),
(84, '2024-07-24 21:30:00', '2024-04-24 10:00:00', '2024-04-24 10:00:00'),
(85, '2024-07-25 08:30:00', '2024-04-25 10:00:00', '2024-04-25 10:00:00'),
(86, '2024-07-25 14:30:00', '2024-04-25 10:00:00', '2024-04-25 10:00:00'),
(87, '2024-07-25 21:30:00', '2024-04-25 10:00:00', '2024-04-25 10:00:00'),
(88, '2024-07-26 08:30:00', '2024-04-26 10:00:00', '2024-04-26 10:00:00'),
(89, '2024-07-26 14:30:00', '2024-04-26 10:00:00', '2024-04-26 10:00:00'),
(90, '2024-07-26 21:30:00', '2024-04-26 10:00:00', '2024-04-26 10:00:00'),
(91, '2024-07-27 08:30:00', '2024-04-27 10:00:00', '2024-04-27 10:00:00'),
(92, '2024-07-27 14:30:00', '2024-04-27 10:00:00', '2024-04-27 10:00:00'),
(93, '2024-07-27 21:30:00', '2024-04-27 10:00:00', '2024-04-27 10:00:00'),
(94, '2024-07-28 08:30:00', '2024-04-28 10:00:00', '2024-04-28 10:00:00'),
(95, '2024-07-28 14:30:00', '2024-04-28 10:00:00', '2024-04-28 10:00:00'),
(96, '2024-07-28 21:30:00', '2024-04-28 10:00:00', '2024-04-28 10:00:00'),
(97, '2024-07-29 08:30:00', '2024-04-29 10:00:00', '2024-04-29 10:00:00'),
(98, '2024-07-29 14:30:00', '2024-04-29 10:00:00', '2024-04-29 10:00:00'),
(99, '2024-07-29 21:30:00', '2024-04-29 10:00:00', '2024-04-29 10:00:00'),
(100, '2024-07-30 08:30:00', '2024-04-30 10:00:00', '2024-04-30 10:00:00'),
(101, '2024-07-30 14:30:00', '2024-04-30 10:00:00', '2024-04-30 10:00:00'),
(102, '2024-07-30 21:30:00', '2024-04-30 10:00:00', '2024-04-30 10:00:00'),
(103, '2024-07-02 17:55:36', '2024-05-02 14:25:18', '2024-05-02 14:25:18'),
(104, '2024-07-02 18:25:25', '2024-05-02 14:25:22', '2024-05-02 14:25:22'),
(105, '2024-07-02 10:39:36', '2024-05-02 14:25:26', '2024-05-02 14:25:26'),
(106, '2023-12-05 17:55:36', '2024-05-06 08:35:28', '2024-05-06 08:35:28'),
(107, '2023-12-05 18:25:25', '2024-05-06 08:35:28', '2024-05-06 08:35:28'),
(108, '2023-12-05 17:55:36', '2024-05-06 09:55:44', '2024-05-06 09:55:44'),
(109, '2023-12-05 18:25:25', '2024-05-06 09:55:44', '2024-05-06 09:55:44'),
(110, '2024-07-02 17:55:36', '2024-05-07 14:11:23', '2024-05-07 14:11:23'),
(111, '2024-07-02 18:25:25', '2024-05-07 14:11:24', '2024-05-07 14:11:24'),
(112, '2024-07-02 10:39:36', '2024-05-07 14:11:25', '2024-05-07 14:11:25'),
(113, '2024-07-02 17:55:36', '2024-05-07 14:37:08', '2024-05-07 14:37:08'),
(114, '2024-07-02 18:25:25', '2024-05-07 14:37:09', '2024-05-07 14:37:09'),
(115, '2024-07-02 10:39:36', '2024-05-07 14:37:11', '2024-05-07 14:37:11'),
(116, '2024-07-02 17:55:36', '2024-05-07 15:02:44', '2024-05-07 15:02:44'),
(117, '2024-07-02 18:25:25', '2024-05-07 15:02:45', '2024-05-07 15:02:45'),
(118, '2024-07-02 10:39:36', '2024-05-07 15:02:46', '2024-05-07 15:02:46'),
(119, '2024-07-27 10:18:36', '2024-05-28 12:29:09', '2024-05-28 12:29:09'),
(120, '2024-07-27 15:25:25', '2024-05-28 12:29:10', '2024-05-28 12:29:10'),
(121, '2024-07-27 22:39:36', '2024-05-28 12:29:11', '2024-05-28 12:29:11'),
(122, '2024-07-27 10:18:36', '2024-05-28 12:40:01', '2024-05-28 12:40:01'),
(123, '2024-07-27 15:25:25', '2024-05-28 12:40:02', '2024-05-28 12:40:02'),
(124, '2024-07-27 22:39:36', '2024-05-28 12:40:04', '2024-05-28 12:40:04'),
(125, '2024-07-27 10:18:36', '2024-05-28 12:58:41', '2024-05-28 12:58:41'),
(126, '2024-07-27 15:25:25', '2024-05-28 12:58:42', '2024-05-28 12:58:42'),
(127, '2024-07-27 22:39:36', '2024-05-28 12:58:43', '2024-05-28 12:58:43'),
(128, '2024-07-27 10:18:36', '2024-05-28 13:04:52', '2024-05-28 13:04:52'),
(129, '2024-07-27 15:25:25', '2024-05-28 13:04:53', '2024-05-28 13:04:53'),
(130, '2024-07-27 22:39:36', '2024-05-28 13:04:55', '2024-05-28 13:04:55'),
(131, '2024-07-27 10:18:36', '2024-05-28 13:11:14', '2024-05-28 13:11:14'),
(132, '2024-07-27 15:25:25', '2024-05-28 13:11:16', '2024-05-28 13:11:16'),
(133, '2024-07-27 22:39:36', '2024-05-28 13:11:17', '2024-05-28 13:11:17'),
(134, '2024-07-27 10:18:36', '2024-05-30 08:22:44', '2024-05-30 08:22:44'),
(135, '2024-07-27 15:25:25', '2024-05-30 08:22:46', '2024-05-30 08:22:46'),
(136, '2024-07-27 22:39:36', '2024-05-30 08:22:48', '2024-05-30 08:22:48'),
(137, '2024-07-23 10:18:36', '2024-06-23 18:11:18', '2024-06-23 18:11:18'),
(138, '2024-07-23 15:25:25', '2024-06-23 18:11:21', '2024-06-23 18:11:21'),
(139, '2024-07-23 22:39:36', '2024-06-23 18:11:23', '2024-06-23 18:11:23'),
(140, '2024-07-23 20:12:13', '2024-06-23 18:13:09', '2024-06-23 18:13:09'),
(141, '2024-07-23 10:18:36', '2024-06-23 19:19:28', '2024-06-23 19:19:28'),
(142, '2024-07-23 15:25:25', '2024-06-23 19:19:30', '2024-06-23 19:19:30'),
(143, '2024-07-23 22:39:36', '2024-06-23 19:19:31', '2024-06-23 19:19:31'),
(144, '2024-05-27 15:25:25', '2024-06-24 11:37:10', '2024-06-24 11:37:10'),
(145, '2024-05-27 22:39:36', '2024-06-24 11:37:11', '2024-06-24 11:37:11'),
(146, '2024-07-24 14:14:44', '2024-06-24 12:20:45', '2024-06-24 12:20:45'),
(147, '2024-07-24 14:21:23', '2024-06-24 12:21:40', '2024-06-24 12:21:40'),
(148, '2024-07-24 14:22:21', '2024-06-24 12:22:38', '2024-06-24 12:22:38'),
(149, '2024-07-24 14:24:34', '2024-06-24 12:40:01', '2024-06-24 12:40:01'),
(150, '2024-07-24 10:09:37', '2024-06-24 15:14:21', '2024-06-24 15:14:21'),
(151, '2024-07-24 15:13:37', '2024-06-24 15:14:21', '2024-06-24 15:14:21'),
(152, '2024-07-24 10:09:37', '2024-06-24 15:15:26', '2024-06-24 15:15:26'),
(153, '2024-07-24 15:13:37', '2024-06-24 15:15:26', '2024-06-24 15:15:26'),
(154, '2024-09-04 10:09:37', '2024-06-24 15:36:53', '2024-06-24 15:36:53'),
(155, '2024-09-04 15:36:37', '2024-06-24 15:36:53', '2024-06-24 15:36:53'),
(156, '2024-07-24 17:54:28', '2024-06-24 15:54:46', '2024-06-24 15:54:46'),
(157, '2024-07-24 17:54:28', '2024-06-24 16:02:22', '2024-06-24 16:02:22'),
(158, '2024-07-24 18:06:35', '2024-06-24 16:06:52', '2024-06-24 16:06:52'),
(159, '2024-07-24 18:11:28', '2024-06-24 16:11:45', '2024-06-24 16:11:45'),
(160, '2024-07-24 18:16:29', '2024-06-24 16:16:47', '2024-06-24 16:16:47'),
(161, '2024-07-25 19:03:00', '2024-06-25 17:03:19', '2024-06-25 17:03:19'),
(162, '2024-07-25 19:05:31', '2024-06-25 17:05:50', '2024-06-25 17:05:50'),
(163, '2024-07-25 19:11:39', '2024-06-25 17:11:57', '2024-06-25 17:11:57'),
(164, '2024-07-25 19:11:39', '2024-06-25 17:21:41', '2024-06-25 17:21:41'),
(165, '2024-07-25 19:11:39', '2024-06-26 10:22:26', '2024-06-26 10:22:26'),
(166, '2024-07-26 17:13:51', '2024-06-26 15:14:09', '2024-06-26 15:14:09'),
(167, '2024-07-26 17:40:50', '2024-06-26 15:45:12', '2024-06-26 15:45:12'),
(168, '2024-07-26 18:13:47', '2024-06-26 16:14:06', '2024-06-26 16:14:06'),
(169, '2024-07-26 18:52:34', '2024-06-26 16:52:53', '2024-06-26 16:52:53'),
(170, '2024-07-26 18:52:34', '2024-06-26 16:56:11', '2024-06-26 16:56:11'),
(171, '2024-07-26 19:15:21', '2024-06-26 17:15:40', '2024-06-26 17:15:40'),
(172, '2000-01-01 03:05:57', '2024-07-10 16:04:24', '2024-07-10 16:04:24'),
(173, '2000-01-01 03:31:59', '2024-07-10 16:30:26', '2024-07-10 16:30:26'),
(174, '2024-07-14 17:04:47', '2024-07-22 09:47:17', '2024-07-22 09:47:17'),
(175, '2024-09-04 10:09:37', '2024-07-22 09:48:06', '2024-07-22 09:48:06'),
(176, '2024-09-04 15:36:37', '2024-07-22 09:48:06', '2024-07-22 09:48:06'),
(177, '2024-07-14 17:04:47', '2024-07-22 09:48:34', '2024-07-22 09:48:34'),
(178, '2024-07-14 17:04:47', '2024-07-27 20:17:19', '2024-07-27 20:17:19'),
(179, '2024-08-31 01:24:51', '2024-08-30 23:25:19', '2024-08-30 23:25:19'),
(180, '2024-08-31 01:24:51', '2024-08-30 23:49:07', '2024-08-30 23:49:07'),
(181, '2024-08-31 03:13:27', '2024-08-31 01:13:56', '2024-08-31 01:13:56'),
(182, '2024-08-31 03:13:27', '2024-08-31 01:46:17', '2024-08-31 01:46:17'),
(183, '2024-08-31 03:59:27', '2024-08-31 01:59:56', '2024-08-31 01:59:56'),
(184, '2024-08-31 03:59:27', '2024-08-31 02:26:34', '2024-08-31 02:26:34'),
(185, '2024-09-30 23:16:26', '2024-09-30 21:17:02', '2024-09-30 21:17:02'),
(186, '2024-09-30 23:16:26', '2024-09-30 21:28:51', '2024-09-30 21:28:51'),
(187, '2024-09-30 23:16:26', '2024-09-30 21:45:28', '2024-09-30 21:45:28'),
(188, '2000-01-13 23:16:35', '2024-10-02 10:55:44', '2024-10-02 10:55:44'),
(189, '2000-01-13 23:16:35', '2024-10-02 11:38:46', '2024-10-02 11:38:46'),
(190, '2024-10-01 01:49:42', '2024-10-03 20:17:32', '2024-10-03 20:17:32'),
(191, '2024-10-01 01:49:42', '2024-10-03 20:57:09', '2024-10-03 20:57:09'),
(192, '2024-10-04 02:02:39', '2024-10-04 00:03:12', '2024-10-04 00:03:12'),
(193, '2025-01-20 20:41:25', '2025-01-21 18:41:26', '2025-01-21 18:41:26'),
(194, '2025-01-21 20:33:39', '2025-01-22 19:03:24', '2025-01-22 19:03:24'),
(195, '2025-01-21 20:33:39', '2025-01-22 19:31:58', '2025-01-22 19:31:58');

-- --------------------------------------------------------

--
-- Estructura de tabla para la tabla `failed_jobs`
--
-- Creación: 31-03-2024 a las 18:45:47
--

CREATE TABLE `failed_jobs` (
  `id` bigint(20) UNSIGNED NOT NULL,
  `uuid` varchar(255) NOT NULL,
  `connection` text NOT NULL,
  `queue` text NOT NULL,
  `payload` longtext NOT NULL,
  `exception` longtext NOT NULL,
  `failed_at` timestamp NOT NULL DEFAULT current_timestamp()
) ENGINE=InnoDB DEFAULT CHARSET=utf8mb4 COLLATE=utf8mb4_unicode_ci;

-- --------------------------------------------------------

--
-- Estructura de tabla para la tabla `grupos`
--
-- Creación: 31-03-2024 a las 18:45:47
--

CREATE TABLE `grupos` (
  `tipoalimento_id` bigint(20) UNSIGNED NOT NULL,
  `cod_grupo` smallint(6) NOT NULL,
  `nombre` varchar(255) NOT NULL,
  `created_at` timestamp NULL DEFAULT NULL,
  `updated_at` timestamp NULL DEFAULT NULL
) ENGINE=InnoDB DEFAULT CHARSET=utf8mb4 COLLATE=utf8mb4_unicode_ci;

--
-- Volcado de datos para la tabla `grupos`
--

INSERT INTO `grupos` (`tipoalimento_id`, `cod_grupo`, `nombre`, `created_at`, `updated_at`) VALUES
(1, 1, 'Lácteos enteros', '2023-05-18 11:21:24', '2023-05-18 11:21:24'),
(2, 2, 'Lácteos semidesnatados', '2023-05-18 11:25:24', '2023-05-18 11:25:24'),
(3, 3, 'Lácteos desnatados', '2023-05-18 11:30:24', '2023-05-18 11:30:24'),
(4, 4, 'Lácteos azucarados', '2023-05-18 11:35:24', '2023-05-18 11:35:24'),
(5, 5, 'Postres lácteos', '2023-05-18 11:40:24', '2023-05-18 11:40:24'),
(6, 6, 'Frutas frescas, desecadas y zumos', '2023-05-18 11:45:24', '2023-05-18 11:45:24'),
(7, 7, 'Verduras y hortalizas (crudas)', '2023-05-18 11:50:24', '2023-05-18 11:50:24'),
(8, 8, 'Cereales y tubérculos (crudos)', '2023-05-18 11:55:24', '2023-05-18 11:55:24'),
(9, 9, 'Legumbres (crudas)', '2023-05-18 12:21:24', '2023-05-18 12:21:24'),
(10, 10, 'Repostería, pastelería y otros', '2023-05-18 12:25:24', '2023-05-18 12:25:24'),
(11, 11, 'Grasas monoinsaturadas', '2023-05-18 12:30:24', '2023-05-18 12:30:24'),
(12, 12, 'Grasas poliinsaturadas', '2023-05-18 12:35:24', '2023-05-18 12:35:24'),
(13, 13, 'Grasas saturadas', '2023-05-18 12:40:24', '2023-05-18 12:40:24'),
(14, 14, 'Alimentos muy grasos (mezclas)', '2023-05-18 12:45:24', '2023-05-18 12:45:24'),
(15, 15, 'Azúcares y dulces', '2023-05-18 12:50:24', '2023-05-18 12:50:24'),
(16, 16, 'Proteínas con muy poca grasa (crudas)', '2023-05-18 12:55:24', '2023-05-18 12:55:24'),
(17, 17, 'Proteínas con poca grasa (crudas)', '2023-05-18 13:21:24', '2023-05-18 13:21:24'),
(18, 18, 'Proteínas semigrasas (crudas)', '2023-05-18 13:25:24', '2023-05-18 13:25:24'),
(19, 19, 'Proteínas con grasa (crudas)', '2023-05-18 13:30:24', '2023-05-18 13:30:24'),
(20, 20, 'Proteínas con mucha grasa', '2023-05-18 13:35:24', '2023-05-18 13:35:24'),
(21, 27, 'Hortalizas y verduras (cocinadas)', '2023-05-18 13:40:24', '2023-05-18 13:40:24'),
(22, 28, 'Cereales y tubérculos (cocinados)', '2023-05-18 13:45:24', '2023-05-18 13:45:24'),
(23, 29, 'Legumbres (cocinadas)', '2023-05-18 13:50:24', '2023-05-18 13:50:24'),
(24, 36, 'Proteínas con muy poca grasa (cocinadas)', '2023-05-18 13:55:24', '2023-05-18 13:55:24'),
(25, 37, 'Proteínas con poca grasa (cocinadas)', '2023-05-18 14:21:24', '2023-05-18 14:21:24'),
(26, 38, 'Proteínas semigrasas (cocinadas)', '2023-05-18 14:25:24', '2023-05-18 14:25:24'),
(27, 39, 'Proteínas con grasa (cocinadas)', '2024-07-11 00:27:53', '2024-07-11 00:27:53');

-- --------------------------------------------------------

--
-- Estructura de tabla para la tabla `ind_glucemicos`
--
-- Creación: 18-04-2024 a las 16:45:40
--

CREATE TABLE `ind_glucemicos` (
  `valor` double(8,2) NOT NULL,
  `medicion_id` bigint(20) UNSIGNED NOT NULL,
  `created_at` timestamp NULL DEFAULT NULL,
  `updated_at` timestamp NULL DEFAULT NULL
) ENGINE=InnoDB DEFAULT CHARSET=utf8mb4 COLLATE=utf8mb4_unicode_ci;

--
-- Volcado de datos para la tabla `ind_glucemicos`
--

INSERT INTO `ind_glucemicos` (`valor`, `medicion_id`, `created_at`, `updated_at`) VALUES
(80.00, 1, '2024-03-31 18:45:47', '2024-03-31 18:45:47'),
(83.00, 2, '2024-03-31 18:45:47', '2024-03-31 18:45:47'),
(11.00, 7, '2024-04-01 10:00:00', '2024-04-01 10:00:00'),
(4.00, 8, '2024-04-01 10:00:00', '2024-04-01 10:00:00'),
(7.00, 9, '2024-04-02 10:00:00', '2024-04-02 10:00:00'),
(12.00, 10, '2024-04-02 10:00:00', '2024-04-02 10:00:00'),
(6.00, 11, '2024-04-03 10:00:00', '2024-04-03 10:00:00'),
(12.00, 12, '2024-04-03 10:00:00', '2024-04-03 10:00:00'),
(11.00, 13, '2024-04-04 10:00:00', '2024-04-04 10:00:00'),
(11.00, 14, '2024-04-04 10:00:00', '2024-04-04 10:00:00'),
(5.00, 15, '2024-04-05 10:00:00', '2024-04-05 10:00:00'),
(10.00, 16, '2024-04-05 10:00:00', '2024-04-05 10:00:00'),
(10.00, 17, '2024-04-06 10:00:00', '2024-04-06 10:00:00'),
(2.00, 18, '2024-04-06 10:00:00', '2024-04-06 10:00:00'),
(5.00, 19, '2024-04-07 10:00:00', '2024-04-07 10:00:00'),
(4.00, 20, '2024-04-07 10:00:00', '2024-04-07 10:00:00'),
(4.00, 21, '2024-04-08 10:00:00', '2024-04-08 10:00:00'),
(8.00, 22, '2024-04-08 10:00:00', '2024-04-08 10:00:00'),
(10.00, 23, '2024-04-09 10:00:00', '2024-04-09 10:00:00'),
(1.00, 24, '2024-04-09 10:00:00', '2024-04-09 10:00:00'),
(12.00, 25, '2024-04-10 10:00:00', '2024-04-10 10:00:00'),
(11.00, 26, '2024-04-10 10:00:00', '2024-04-10 10:00:00'),
(8.00, 27, '2024-04-11 10:00:00', '2024-04-11 10:00:00'),
(12.00, 28, '2024-04-11 10:00:00', '2024-04-11 10:00:00'),
(10.00, 29, '2024-04-12 10:00:00', '2024-04-12 10:00:00'),
(5.00, 30, '2024-04-12 10:00:00', '2024-04-12 10:00:00'),
(4.00, 31, '2024-04-13 10:00:00', '2024-04-13 10:00:00'),
(8.00, 32, '2024-04-13 10:00:00', '2024-04-13 10:00:00'),
(12.00, 33, '2024-04-14 10:00:00', '2024-04-14 10:00:00'),
(6.00, 34, '2024-04-14 10:00:00', '2024-04-14 10:00:00'),
(1.00, 35, '2024-04-15 10:00:00', '2024-04-15 10:00:00'),
(3.00, 36, '2024-04-15 10:00:00', '2024-04-15 10:00:00'),
(5.00, 37, '2024-04-16 10:00:00', '2024-04-16 10:00:00'),
(5.00, 38, '2024-04-16 10:00:00', '2024-04-16 10:00:00'),
(8.00, 39, '2024-04-17 10:00:00', '2024-04-17 10:00:00'),
(4.00, 40, '2024-04-17 10:00:00', '2024-04-17 10:00:00'),
(12.00, 41, '2024-04-18 10:00:00', '2024-04-18 10:00:00'),
(3.00, 42, '2024-04-18 10:00:00', '2024-04-18 10:00:00'),
(7.00, 43, '2024-04-19 10:00:00', '2024-04-19 10:00:00'),
(4.00, 44, '2024-04-19 10:00:00', '2024-04-19 10:00:00'),
(8.00, 45, '2024-04-20 10:00:00', '2024-04-20 10:00:00'),
(9.00, 46, '2024-04-20 10:00:00', '2024-04-20 10:00:00'),
(8.00, 47, '2024-04-21 10:00:00', '2024-04-21 10:00:00'),
(6.00, 48, '2024-04-21 10:00:00', '2024-04-21 10:00:00'),
(1.00, 49, '2024-04-22 10:00:00', '2024-04-22 10:00:00'),
(2.00, 50, '2024-04-22 10:00:00', '2024-04-22 10:00:00'),
(9.00, 51, '2024-04-23 10:00:00', '2024-04-23 10:00:00'),
(7.00, 52, '2024-04-23 10:00:00', '2024-04-23 10:00:00'),
(12.00, 53, '2024-04-24 10:00:00', '2024-04-24 10:00:00'),
(11.00, 54, '2024-04-24 10:00:00', '2024-04-24 10:00:00'),
(8.00, 55, '2024-04-25 10:00:00', '2024-04-25 10:00:00'),
(4.00, 56, '2024-04-25 10:00:00', '2024-04-25 10:00:00'),
(5.00, 57, '2024-04-26 10:00:00', '2024-04-26 10:00:00'),
(5.00, 58, '2024-04-26 10:00:00', '2024-04-26 10:00:00'),
(8.00, 59, '2024-04-27 10:00:00', '2024-04-27 10:00:00'),
(7.00, 60, '2024-04-27 10:00:00', '2024-04-27 10:00:00'),
(2.00, 61, '2024-04-28 10:00:00', '2024-04-28 10:00:00'),
(12.00, 62, '2024-04-28 10:00:00', '2024-04-28 10:00:00'),
(9.00, 63, '2024-04-29 10:00:00', '2024-04-29 10:00:00'),
(4.00, 64, '2024-04-29 10:00:00', '2024-04-29 10:00:00'),
(9.00, 65, '2024-04-30 10:00:00', '2024-04-30 10:00:00'),
(2.00, 66, '2024-04-30 10:00:00', '2024-04-30 10:00:00'),
(12.00, 67, '2024-05-13 19:07:07', '2024-05-13 19:07:07'),
(109.00, 68, '2024-06-18 20:32:06', '2024-06-18 20:32:06'),
(136.00, 69, '2024-06-25 16:02:03', '2024-06-25 16:02:03'),
(108.00, 70, '2024-06-25 16:31:15', '2024-06-25 16:31:15'),
(120.00, 71, '2024-06-26 15:20:05', '2024-06-26 15:20:05'),
(120.00, 72, '2024-06-26 15:42:42', '2024-06-26 15:42:42'),
(120.00, 73, '2024-06-26 16:07:14', '2024-06-26 16:07:14'),
(120.00, 74, '2024-06-26 16:54:27', '2024-06-26 16:54:27'),
(120.00, 75, '2024-06-26 17:12:04', '2024-06-26 17:12:04'),
(125.00, 76, '2024-06-26 17:13:33', '2024-06-26 17:13:33'),
(200.00, 77, '2024-06-26 17:20:07', '2024-06-26 17:20:07'),
(135.00, 78, '2024-06-28 14:55:58', '2024-06-28 14:55:58'),
(12.00, 87, '2024-07-03 10:37:34', '2024-07-03 10:37:34'),
(21.00, 88, '2024-07-03 15:12:16', '2024-07-03 15:12:16');

-- --------------------------------------------------------

--
-- Estructura de tabla para la tabla `insulinas`
--
-- Creación: 18-04-2024 a las 16:45:16
--

CREATE TABLE `insulinas` (
  `valor` double(8,2) NOT NULL,
  `tipoinsulina` varchar(255) NOT NULL,
  `medicion_id` bigint(20) UNSIGNED NOT NULL,
  `created_at` timestamp NULL DEFAULT NULL,
  `updated_at` timestamp NULL DEFAULT NULL
) ENGINE=InnoDB DEFAULT CHARSET=utf8mb4 COLLATE=utf8mb4_unicode_ci;

--
-- Volcado de datos para la tabla `insulinas`
--

INSERT INTO `insulinas` (`valor`, `tipoinsulina`, `medicion_id`, `created_at`, `updated_at`) VALUES
(15.00, 'Intermedia', 3, '2024-03-31 18:45:47', '2024-03-31 18:45:47'),
(17.00, 'Intermedia', 4, '2024-03-31 18:45:47', '2024-03-31 18:45:47'),
(17.00, 'Intermedia', 7, '2024-04-01 10:00:00', '2024-04-01 10:00:00'),
(20.00, 'Rápida', 8, '2024-04-01 10:00:00', '2024-04-01 10:00:00'),
(9.00, 'Intermedia', 9, '2024-04-02 10:00:00', '2024-04-02 10:00:00'),
(8.00, 'Lantus', 10, '2024-04-02 10:00:00', '2024-04-02 10:00:00'),
(10.00, 'Intermedia', 11, '2024-04-03 10:00:00', '2024-04-03 10:00:00'),
(16.00, 'Intermedia', 12, '2024-04-03 10:00:00', '2024-04-03 10:00:00'),
(11.00, 'Rápida', 13, '2024-04-04 10:00:00', '2024-04-04 10:00:00'),
(13.00, 'Intermedia', 14, '2024-04-04 10:00:00', '2024-04-04 10:00:00'),
(13.00, 'Lantus', 15, '2024-04-05 10:00:00', '2024-04-05 10:00:00'),
(5.00, 'Intermedia', 16, '2024-04-05 10:00:00', '2024-04-05 10:00:00'),
(17.00, 'Intermedia', 17, '2024-04-06 10:00:00', '2024-04-06 10:00:00'),
(20.00, 'Rápida', 18, '2024-04-06 10:00:00', '2024-04-06 10:00:00'),
(6.00, 'Rápida', 19, '2024-04-07 10:00:00', '2024-04-07 10:00:00'),
(11.00, 'Rápida', 20, '2024-04-07 10:00:00', '2024-04-07 10:00:00'),
(12.00, 'Rápida', 21, '2024-04-08 10:00:00', '2024-04-08 10:00:00'),
(7.00, 'Intermedia', 22, '2024-04-08 10:00:00', '2024-04-08 10:00:00'),
(18.00, 'Rápida', 23, '2024-04-09 10:00:00', '2024-04-09 10:00:00'),
(5.00, 'Rápida', 24, '2024-04-09 10:00:00', '2024-04-09 10:00:00'),
(8.00, 'Intermedia', 25, '2024-04-10 10:00:00', '2024-04-10 10:00:00'),
(6.00, 'Lantus', 26, '2024-04-10 10:00:00', '2024-04-10 10:00:00'),
(9.00, 'Intermedia', 27, '2024-04-11 10:00:00', '2024-04-11 10:00:00'),
(16.00, 'Intermedia', 28, '2024-04-11 10:00:00', '2024-04-11 10:00:00'),
(15.00, 'Intermedia', 29, '2024-04-12 10:00:00', '2024-04-12 10:00:00'),
(6.00, 'Lantus', 30, '2024-04-12 10:00:00', '2024-04-12 10:00:00'),
(20.00, 'Lantus', 31, '2024-04-13 10:00:00', '2024-04-13 10:00:00'),
(20.00, 'Lantus', 32, '2024-04-13 10:00:00', '2024-04-13 10:00:00'),
(16.00, 'Lantus', 33, '2024-04-14 10:00:00', '2024-04-14 10:00:00'),
(12.00, 'Rápida', 34, '2024-04-14 10:00:00', '2024-04-14 10:00:00'),
(15.00, 'Lantus', 35, '2024-04-15 10:00:00', '2024-04-15 10:00:00'),
(17.00, 'Rápida', 36, '2024-04-15 10:00:00', '2024-04-15 10:00:00'),
(17.00, 'Intermedia', 37, '2024-04-16 10:00:00', '2024-04-16 10:00:00'),
(7.00, 'Intermedia', 38, '2024-04-16 10:00:00', '2024-04-16 10:00:00'),
(17.00, 'Rápida', 39, '2024-04-17 10:00:00', '2024-04-17 10:00:00'),
(19.00, 'Rápida', 40, '2024-04-17 10:00:00', '2024-04-17 10:00:00'),
(5.00, 'Intermedia', 41, '2024-04-18 10:00:00', '2024-04-18 10:00:00'),
(19.00, 'Intermedia', 42, '2024-04-18 10:00:00', '2024-04-18 10:00:00'),
(6.00, 'Rápida', 43, '2024-04-19 10:00:00', '2024-04-19 10:00:00'),
(13.00, 'Intermedia', 44, '2024-04-19 10:00:00', '2024-04-19 10:00:00'),
(17.00, 'Lantus', 45, '2024-04-20 10:00:00', '2024-04-20 10:00:00'),
(16.00, 'Rápida', 46, '2024-04-20 10:00:00', '2024-04-20 10:00:00'),
(8.00, 'Lantus', 47, '2024-04-21 10:00:00', '2024-04-21 10:00:00'),
(16.00, 'Lantus', 48, '2024-04-21 10:00:00', '2024-04-21 10:00:00'),
(14.00, 'Rápida', 49, '2024-04-22 10:00:00', '2024-04-22 10:00:00'),
(18.00, 'Rápida', 50, '2024-04-22 10:00:00', '2024-04-22 10:00:00'),
(13.00, 'Rápida', 51, '2024-04-23 10:00:00', '2024-04-23 10:00:00'),
(10.00, 'Lantus', 52, '2024-04-23 10:00:00', '2024-04-23 10:00:00'),
(14.00, 'Intermedia', 53, '2024-04-24 10:00:00', '2024-04-24 10:00:00'),
(6.00, 'Intermedia', 54, '2024-04-24 10:00:00', '2024-04-24 10:00:00'),
(9.00, 'Rápida', 55, '2024-04-25 10:00:00', '2024-04-25 10:00:00'),
(10.00, 'Intermedia', 56, '2024-04-25 10:00:00', '2024-04-25 10:00:00'),
(20.00, 'Rápida', 57, '2024-04-26 10:00:00', '2024-04-26 10:00:00'),
(10.00, 'Rápida', 58, '2024-04-26 10:00:00', '2024-04-26 10:00:00'),
(11.00, 'Rápida', 59, '2024-04-27 10:00:00', '2024-04-27 10:00:00'),
(11.00, 'Lantus', 60, '2024-04-27 10:00:00', '2024-04-27 10:00:00'),
(5.00, 'Rápida', 61, '2024-04-28 10:00:00', '2024-04-28 10:00:00'),
(17.00, 'Lantus', 62, '2024-04-28 10:00:00', '2024-04-28 10:00:00'),
(15.00, 'Lantus', 63, '2024-04-29 10:00:00', '2024-04-29 10:00:00'),
(20.00, 'Rápida', 64, '2024-04-29 10:00:00', '2024-04-29 10:00:00'),
(15.00, 'Intermedia', 65, '2024-04-30 10:00:00', '2024-04-30 10:00:00'),
(15.00, 'Intermedia', 66, '2024-04-30 10:00:00', '2024-04-30 10:00:00'),
(13.00, 'Lantus', 67, '2024-05-13 19:07:07', '2024-05-13 19:07:07'),
(5.00, 'Intermedia', 68, '2024-06-18 20:32:06', '2024-06-18 20:32:06'),
(43.00, 'Lantus', 69, '2024-06-25 16:02:03', '2024-06-25 16:02:03'),
(0.00, 'Intermedia', 70, '2024-06-25 16:31:15', '2024-06-25 16:31:15'),
(5.00, 'Lantus', 71, '2024-06-26 15:20:05', '2024-06-26 15:20:05'),
(10.00, 'Rápida', 72, '2024-06-26 15:42:42', '2024-06-26 15:42:42'),
(10.00, 'Rápida', 73, '2024-06-26 16:07:14', '2024-06-26 16:07:14'),
(10.00, 'Rápida', 74, '2024-06-26 16:54:27', '2024-06-26 16:54:27'),
(5.00, 'Rápida', 75, '2024-06-26 17:12:04', '2024-06-26 17:12:04'),
(2.00, 'Rápida', 76, '2024-06-26 17:13:33', '2024-06-26 17:13:33'),
(0.00, 'Intermedia', 77, '2024-06-26 17:20:07', '2024-06-26 17:20:07'),
(5.00, 'Lantus', 78, '2024-06-28 14:55:58', '2024-06-28 14:55:58'),
(15.00, 'Lantus', 87, '2024-07-03 10:37:34', '2024-07-03 10:37:34'),
(19.00, 'Lantus', 89, '2024-07-03 15:12:59', '2024-07-03 15:12:59');

-- --------------------------------------------------------

--
-- Estructura de tabla para la tabla `mantels`
--
-- Creación: 23-04-2025 a las 21:13:13
-- Última actualización: 21-01-2025 a las 10:06:18
--

CREATE TABLE `mantels` (
  `id` bigint(20) UNSIGNED NOT NULL,
  `mac` varchar(255) NOT NULL,
  `activo` tinyint(1) NOT NULL,
  `user_id` bigint(20) UNSIGNED DEFAULT NULL,
  `created_at` timestamp NULL DEFAULT NULL,
  `updated_at` timestamp NULL DEFAULT NULL
) ENGINE=InnoDB DEFAULT CHARSET=utf8mb4 COLLATE=utf8mb4_unicode_ci;

--
-- Volcado de datos para la tabla `mantels`
--

INSERT INTO `mantels` (`id`, `mac`, `activo`, `user_id`, `created_at`, `updated_at`) VALUES
(1, '3C:E9:0E:7C:3B:F4', 1, 1, '2023-05-19 11:21:24', '2023-05-19 11:21:24'),
(2, '3C:E9:0E:7C:39:BC', 1, 2, '2023-05-19 11:21:24', '2023-05-19 11:21:24'),
(3, '01:02:03:04:05:BB', 1, 3, '2023-05-19 11:21:24', '2023-05-19 11:21:24'),
(4, '01:02:03:04:05:CC', 1, NULL, '2023-05-19 11:21:24', '2023-05-19 11:21:24'),
(5, '01:02:03:04:05:DD', 1, NULL, '2023-05-19 11:21:24', '2023-05-19 11:21:24'),
(6, '3C:E9:0E:7C:3B:60', 1, 4, '2024-04-15 14:01:35', '2024-04-15 14:01:35'),
(7, '3C:E9:0E:7C:37:88', 1, 10, '2024-06-24 17:35:04', '2024-06-24 17:35:04'),
(10, '3C:E9:0E:7C:38:B0', 1, 13, '2024-08-30 23:41:38', NULL),
(12, '3C:E9:0E:7C:3E:8C', 1, 14, '2024-09-23 11:26:02', '2024-09-23 11:26:02'),
(15, '3C:E9:0E:7C:2F:B0', 1, 15, '2024-07-31 11:05:33', NULL);

-- --------------------------------------------------------

--
-- Estructura de tabla para la tabla `medicions`
--
-- Creación: 28-04-2024 a las 17:36:59
--

CREATE TABLE `medicions` (
  `id` bigint(20) UNSIGNED NOT NULL,
  `fecha` timestamp NOT NULL,
  `user_id` bigint(20) UNSIGNED NOT NULL,
  `created_at` timestamp NULL DEFAULT NULL,
  `updated_at` timestamp NULL DEFAULT NULL
) ENGINE=InnoDB DEFAULT CHARSET=utf8mb4 COLLATE=utf8mb4_unicode_ci;

--
-- Volcado de datos para la tabla `medicions`
--

INSERT INTO `medicions` (`id`, `fecha`, `user_id`, `created_at`, `updated_at`) VALUES
(1, '2023-11-25 11:41:30', 1, '2024-03-31 18:45:47', '2024-03-31 18:45:47'),
(2, '2023-11-25 12:41:30', 1, '2024-03-31 18:45:47', '2024-03-31 18:45:47'),
(3, '2023-11-29 16:35:48', 1, '2024-03-31 18:45:47', '2024-03-31 18:45:47'),
(4, '2023-11-29 17:35:48', 1, '2024-03-31 18:45:47', '2024-03-31 18:45:47'),
(7, '2024-07-01 12:00:00', 1, '2024-04-01 10:00:00', '2024-04-01 10:00:00'),
(8, '2024-07-01 18:00:00', 1, '2024-04-01 10:00:00', '2024-04-01 10:00:00'),
(9, '2024-07-02 12:00:00', 1, '2024-04-02 10:00:00', '2024-04-02 10:00:00'),
(10, '2024-07-02 18:00:00', 1, '2024-04-02 10:00:00', '2024-04-02 10:00:00'),
(11, '2024-07-03 12:00:00', 1, '2024-04-03 10:00:00', '2024-04-03 10:00:00'),
(12, '2024-07-03 18:00:00', 1, '2024-04-03 10:00:00', '2024-04-03 10:00:00'),
(13, '2024-07-04 12:00:00', 1, '2024-04-04 10:00:00', '2024-04-04 10:00:00'),
(14, '2024-07-04 18:00:00', 1, '2024-04-04 10:00:00', '2024-04-04 10:00:00'),
(15, '2024-07-05 12:00:00', 1, '2024-04-05 10:00:00', '2024-04-05 10:00:00'),
(16, '2024-07-05 18:00:00', 1, '2024-04-05 10:00:00', '2024-04-05 10:00:00'),
(17, '2024-07-06 12:00:00', 1, '2024-04-06 10:00:00', '2024-04-06 10:00:00'),
(18, '2024-07-06 18:00:00', 1, '2024-04-06 10:00:00', '2024-04-06 10:00:00'),
(19, '2024-07-07 12:00:00', 1, '2024-04-07 10:00:00', '2024-04-07 10:00:00'),
(20, '2024-07-07 18:00:00', 1, '2024-04-07 10:00:00', '2024-04-07 10:00:00'),
(21, '2024-07-08 12:00:00', 1, '2024-04-08 10:00:00', '2024-04-08 10:00:00'),
(22, '2024-07-08 18:00:00', 1, '2024-04-08 10:00:00', '2024-04-08 10:00:00'),
(23, '2024-07-09 12:00:00', 1, '2024-04-09 10:00:00', '2024-04-09 10:00:00'),
(24, '2024-07-09 18:00:00', 1, '2024-04-09 10:00:00', '2024-04-09 10:00:00'),
(25, '2024-07-10 12:00:00', 1, '2024-04-10 10:00:00', '2024-04-10 10:00:00'),
(26, '2024-07-10 18:00:00', 1, '2024-04-10 10:00:00', '2024-04-10 10:00:00'),
(27, '2024-07-11 12:00:00', 1, '2024-04-11 10:00:00', '2024-04-11 10:00:00'),
(28, '2024-07-11 18:00:00', 1, '2024-04-11 10:00:00', '2024-04-11 10:00:00'),
(29, '2024-07-12 12:00:00', 1, '2024-04-12 10:00:00', '2024-04-12 10:00:00'),
(30, '2024-07-12 18:00:00', 1, '2024-04-12 10:00:00', '2024-04-12 10:00:00'),
(31, '2024-07-13 12:00:00', 1, '2024-04-13 10:00:00', '2024-04-13 10:00:00'),
(32, '2024-07-13 18:00:00', 1, '2024-04-13 10:00:00', '2024-04-13 10:00:00'),
(33, '2024-07-14 12:00:00', 1, '2024-04-14 10:00:00', '2024-04-14 10:00:00'),
(34, '2024-07-14 18:00:00', 1, '2024-04-14 10:00:00', '2024-04-14 10:00:00'),
(35, '2024-07-15 12:00:00', 1, '2024-04-15 10:00:00', '2024-04-15 10:00:00'),
(36, '2024-07-15 18:00:00', 1, '2024-04-15 10:00:00', '2024-04-15 10:00:00'),
(37, '2024-07-16 12:00:00', 1, '2024-04-16 10:00:00', '2024-04-16 10:00:00'),
(38, '2024-07-16 18:00:00', 1, '2024-04-16 10:00:00', '2024-04-16 10:00:00'),
(39, '2024-07-17 12:00:00', 1, '2024-04-17 10:00:00', '2024-04-17 10:00:00'),
(40, '2024-07-17 18:00:00', 1, '2024-04-17 10:00:00', '2024-04-17 10:00:00'),
(41, '2024-07-18 12:00:00', 1, '2024-04-18 10:00:00', '2024-04-18 10:00:00'),
(42, '2024-07-18 18:00:00', 1, '2024-04-18 10:00:00', '2024-04-18 10:00:00'),
(43, '2024-07-19 12:00:00', 1, '2024-04-19 10:00:00', '2024-04-19 10:00:00'),
(44, '2024-07-19 18:00:00', 1, '2024-04-19 10:00:00', '2024-04-19 10:00:00'),
(45, '2024-07-20 12:00:00', 1, '2024-04-20 10:00:00', '2024-04-20 10:00:00'),
(46, '2024-07-20 18:00:00', 1, '2024-04-20 10:00:00', '2024-04-20 10:00:00'),
(47, '2024-07-21 12:00:00', 1, '2024-04-21 10:00:00', '2024-04-21 10:00:00'),
(48, '2024-07-21 18:00:00', 1, '2024-04-21 10:00:00', '2024-04-21 10:00:00'),
(49, '2024-07-22 12:00:00', 1, '2024-04-22 10:00:00', '2024-04-22 10:00:00'),
(50, '2024-07-22 18:00:00', 1, '2024-04-22 10:00:00', '2024-04-22 10:00:00'),
(51, '2024-07-23 12:00:00', 1, '2024-04-23 10:00:00', '2024-04-23 10:00:00'),
(52, '2024-07-23 18:00:00', 1, '2024-04-23 10:00:00', '2024-04-23 10:00:00'),
(53, '2024-07-24 12:00:00', 1, '2024-04-24 10:00:00', '2024-04-24 10:00:00'),
(54, '2024-07-24 18:00:00', 1, '2024-04-24 10:00:00', '2024-04-24 10:00:00'),
(55, '2024-07-25 12:00:00', 1, '2024-04-25 10:00:00', '2024-04-25 10:00:00'),
(56, '2024-07-25 18:00:00', 1, '2024-04-25 10:00:00', '2024-04-25 10:00:00'),
(57, '2024-07-26 12:00:00', 1, '2024-04-26 10:00:00', '2024-04-26 10:00:00'),
(58, '2024-07-26 18:00:00', 1, '2024-04-26 10:00:00', '2024-04-26 10:00:00'),
(59, '2024-07-27 12:00:00', 1, '2024-04-27 10:00:00', '2024-04-27 10:00:00'),
(60, '2024-07-27 18:00:00', 1, '2024-04-27 10:00:00', '2024-04-27 10:00:00'),
(61, '2024-07-28 12:00:00', 1, '2024-04-28 10:00:00', '2024-04-28 10:00:00'),
(62, '2024-07-28 18:00:00', 1, '2024-04-28 10:00:00', '2024-04-28 10:00:00'),
(63, '2024-07-29 12:00:00', 1, '2024-04-29 10:00:00', '2024-04-29 10:00:00'),
(64, '2024-07-29 18:00:00', 1, '2024-04-29 10:00:00', '2024-04-29 10:00:00'),
(65, '2024-07-30 12:00:00', 1, '2024-04-30 10:00:00', '2024-04-30 10:00:00'),
(66, '2024-07-30 18:00:00', 1, '2024-04-30 10:00:00', '2024-04-30 10:00:00'),
(67, '2024-07-13 21:06:00', 1, '2024-05-13 19:07:07', '2024-05-13 19:07:07'),
(68, '2024-07-18 22:31:00', 1, '2024-06-18 20:32:06', '2024-06-18 20:32:06'),
(69, '2024-07-25 18:01:00', 1, '2024-06-25 16:02:03', '2024-06-25 16:02:03'),
(70, '2024-07-24 08:00:00', 1, '2024-06-25 16:31:15', '2024-06-25 16:31:15'),
(71, '2024-07-26 08:00:00', 1, '2024-06-26 15:20:05', '2024-06-26 15:20:05'),
(72, '2024-07-26 08:00:00', 1, '2024-06-26 15:42:42', '2024-06-26 15:42:42'),
(73, '2024-07-26 08:00:00', 1, '2024-06-26 16:07:14', '2024-06-26 16:07:14'),
(74, '2024-07-25 08:00:00', 1, '2024-06-26 16:54:27', '2024-06-26 16:54:27'),
(75, '2024-07-24 19:30:00', 1, '2024-06-26 17:12:04', '2024-06-26 17:12:04'),
(76, '2024-07-26 19:13:00', 1, '2024-06-26 17:13:33', '2024-06-26 17:13:33'),
(77, '2024-07-26 15:19:00', 1, '2024-06-26 17:20:07', '2024-06-26 17:20:07'),
(78, '2024-07-28 08:00:00', 1, '2024-06-28 14:55:58', '2024-06-28 14:55:58'),
(87, '2024-07-03 12:37:00', 1, '2024-07-03 10:37:34', '2024-07-03 10:37:34'),
(88, '2024-07-03 17:11:00', 1, '2024-07-03 15:12:16', '2024-07-03 15:12:16'),
(89, '2024-07-04 20:12:00', 1, '2024-07-03 15:12:59', '2024-07-03 15:12:59');

-- --------------------------------------------------------

--
-- Estructura de tabla para la tabla `migrations`
--
-- Creación: 31-03-2024 a las 18:45:47
--

CREATE TABLE `migrations` (
  `id` int(10) UNSIGNED NOT NULL,
  `migration` varchar(255) NOT NULL,
  `batch` int(11) NOT NULL
) ENGINE=InnoDB DEFAULT CHARSET=utf8mb4 COLLATE=utf8mb4_unicode_ci;

--
-- Volcado de datos para la tabla `migrations`
--

INSERT INTO `migrations` (`id`, `migration`, `batch`) VALUES
(1, '2014_10_12_000000_create_users_table', 1),
(2, '2014_10_12_100000_create_password_reset_tokens_table', 1),
(3, '2019_08_19_000000_create_failed_jobs_table', 1),
(4, '2019_12_14_000001_create_personal_access_tokens_table', 1),
(5, '2024_01_01_224916_create_mantels_table', 1),
(6, '2024_01_02_110259_create_medicions_table', 1),
(7, '2024_01_02_110308_create_insulinas_table', 1),
(8, '2024_01_02_110611_create_ind_glucemicos_table', 1),
(9, '2024_01_02_110637_create_comidas_table', 1),
(10, '2024_01_02_110645_create_platos_table', 1),
(11, '2024_01_02_110647_create_tipo_alimentos_table', 1),
(12, '2024_01_02_110650_create_alimentos_table', 1),
(13, '2024_01_02_110707_create_grupos_table', 1),
(14, '2024_01_02_110713_create_barcodes_table', 1);

-- --------------------------------------------------------

--
-- Estructura de tabla para la tabla `password_reset_tokens`
--
-- Creación: 31-03-2024 a las 18:45:47
--

CREATE TABLE `password_reset_tokens` (
  `email` varchar(255) NOT NULL,
  `token` varchar(255) NOT NULL,
  `created_at` timestamp NULL DEFAULT NULL
) ENGINE=InnoDB DEFAULT CHARSET=utf8mb4 COLLATE=utf8mb4_unicode_ci;

-- --------------------------------------------------------

--
-- Estructura de tabla para la tabla `personal_access_tokens`
--
-- Creación: 31-03-2024 a las 18:45:47
-- Última actualización: 01-03-2025 a las 19:07:23
--

CREATE TABLE `personal_access_tokens` (
  `id` bigint(20) UNSIGNED NOT NULL,
  `tokenable_type` varchar(255) NOT NULL,
  `tokenable_id` bigint(20) UNSIGNED NOT NULL,
  `name` varchar(255) NOT NULL,
  `token` varchar(64) NOT NULL,
  `abilities` text DEFAULT NULL,
  `last_used_at` timestamp NULL DEFAULT NULL,
  `expires_at` timestamp NULL DEFAULT NULL,
  `created_at` timestamp NULL DEFAULT NULL,
  `updated_at` timestamp NULL DEFAULT NULL
) ENGINE=InnoDB DEFAULT CHARSET=utf8mb4 COLLATE=utf8mb4_unicode_ci;

--
-- Volcado de datos para la tabla `personal_access_tokens`
--

INSERT INTO `personal_access_tokens` (`id`, `tokenable_type`, `tokenable_id`, `name`, `token`, `abilities`, `last_used_at`, `expires_at`, `created_at`, `updated_at`) VALUES
(2, 'App\\Models\\User', 3, 'API TOKEN', '4497d3ef5b001c5050a6d766e18f0cede68160107670f4aa34cffb3b0bb52181', '[\"*\"]', NULL, NULL, '2024-04-15 12:09:33', '2024-04-15 12:09:33'),
(522, 'App\\Models\\User', 2, 'API TOKEN', '5fae83aef60df2d0198f16d9b7ade1d1db8d56a6725a95a4d1613850954840e2', '[\"*\"]', '2025-02-11 16:46:32', NULL, '2025-02-11 16:46:30', '2025-02-11 16:46:32');

-- --------------------------------------------------------

--
-- Estructura de tabla para la tabla `platos`
--
-- Creación: 31-03-2024 a las 18:45:47
-- Última actualización: 22-01-2025 a las 19:31:58
--

CREATE TABLE `platos` (
  `id` bigint(20) UNSIGNED NOT NULL,
  `comida_id` bigint(20) UNSIGNED NOT NULL,
  `created_at` timestamp NULL DEFAULT NULL,
  `updated_at` timestamp NULL DEFAULT NULL
) ENGINE=InnoDB DEFAULT CHARSET=utf8mb4 COLLATE=utf8mb4_unicode_ci;

--
-- Volcado de datos para la tabla `platos`
--

INSERT INTO `platos` (`id`, `comida_id`, `created_at`, `updated_at`) VALUES
(1, 1, '2024-03-31 19:00:51', '2024-03-31 19:00:51'),
(2, 2, '2024-03-31 19:00:51', '2024-03-31 19:00:51'),
(3, 3, '2024-03-31 19:00:51', '2024-03-31 19:00:51'),
(4, 3, '2024-03-31 19:00:51', '2024-03-31 19:00:51'),
(5, 4, '2024-03-31 19:00:51', '2024-03-31 19:00:51'),
(6, 5, '2024-03-31 19:00:51', '2024-03-31 19:00:51'),
(7, 6, '2024-03-31 19:00:51', '2024-03-31 19:00:51'),
(16, 13, '2024-04-01 10:00:00', '2024-04-01 10:00:00'),
(17, 14, '2024-04-01 10:00:00', '2024-04-01 10:00:00'),
(18, 14, '2024-04-01 10:00:00', '2024-04-01 10:00:00'),
(19, 15, '2024-04-01 10:00:00', '2024-04-01 10:00:00'),
(20, 16, '2024-04-02 10:00:00', '2024-04-02 10:00:00'),
(21, 17, '2024-04-02 10:00:00', '2024-04-02 10:00:00'),
(22, 17, '2024-04-02 10:00:00', '2024-04-02 10:00:00'),
(23, 18, '2024-04-02 10:00:00', '2024-04-02 10:00:00'),
(24, 19, '2024-04-03 10:00:00', '2024-04-03 10:00:00'),
(25, 20, '2024-04-03 10:00:00', '2024-04-03 10:00:00'),
(26, 20, '2024-04-03 10:00:00', '2024-04-03 10:00:00'),
(27, 21, '2024-04-03 10:00:00', '2024-04-03 10:00:00'),
(28, 22, '2024-04-04 10:00:00', '2024-04-04 10:00:00'),
(29, 23, '2024-04-04 10:00:00', '2024-04-04 10:00:00'),
(30, 23, '2024-04-04 10:00:00', '2024-04-04 10:00:00'),
(31, 24, '2024-04-04 10:00:00', '2024-04-04 10:00:00'),
(32, 25, '2024-04-05 10:00:00', '2024-04-05 10:00:00'),
(33, 26, '2024-04-05 10:00:00', '2024-04-05 10:00:00'),
(34, 26, '2024-04-05 10:00:00', '2024-04-05 10:00:00'),
(35, 27, '2024-04-05 10:00:00', '2024-04-05 10:00:00'),
(36, 28, '2024-04-06 10:00:00', '2024-04-06 10:00:00'),
(37, 29, '2024-04-06 10:00:00', '2024-04-06 10:00:00'),
(38, 29, '2024-04-06 10:00:00', '2024-04-06 10:00:00'),
(39, 30, '2024-04-06 10:00:00', '2024-04-06 10:00:00'),
(40, 31, '2024-04-07 10:00:00', '2024-04-07 10:00:00'),
(41, 32, '2024-04-07 10:00:00', '2024-04-07 10:00:00'),
(42, 32, '2024-04-07 10:00:00', '2024-04-07 10:00:00'),
(43, 33, '2024-04-07 10:00:00', '2024-04-07 10:00:00'),
(44, 34, '2024-04-08 10:00:00', '2024-04-08 10:00:00'),
(45, 35, '2024-04-08 10:00:00', '2024-04-08 10:00:00'),
(46, 35, '2024-04-08 10:00:00', '2024-04-08 10:00:00'),
(47, 36, '2024-04-08 10:00:00', '2024-04-08 10:00:00'),
(48, 37, '2024-04-09 10:00:00', '2024-04-09 10:00:00'),
(49, 38, '2024-04-09 10:00:00', '2024-04-09 10:00:00'),
(50, 38, '2024-04-09 10:00:00', '2024-04-09 10:00:00'),
(51, 39, '2024-04-09 10:00:00', '2024-04-09 10:00:00'),
(52, 40, '2024-04-10 10:00:00', '2024-04-10 10:00:00'),
(53, 41, '2024-04-10 10:00:00', '2024-04-10 10:00:00'),
(54, 41, '2024-04-10 10:00:00', '2024-04-10 10:00:00'),
(55, 42, '2024-04-10 10:00:00', '2024-04-10 10:00:00'),
(56, 43, '2024-04-11 10:00:00', '2024-04-11 10:00:00'),
(57, 44, '2024-04-11 10:00:00', '2024-04-11 10:00:00'),
(58, 44, '2024-04-11 10:00:00', '2024-04-11 10:00:00'),
(59, 45, '2024-04-11 10:00:00', '2024-04-11 10:00:00'),
(60, 46, '2024-04-12 10:00:00', '2024-04-12 10:00:00'),
(61, 47, '2024-04-12 10:00:00', '2024-04-12 10:00:00'),
(62, 47, '2024-04-12 10:00:00', '2024-04-12 10:00:00'),
(63, 48, '2024-04-12 10:00:00', '2024-04-12 10:00:00'),
(64, 49, '2024-04-13 10:00:00', '2024-04-13 10:00:00'),
(65, 50, '2024-04-13 10:00:00', '2024-04-13 10:00:00'),
(66, 50, '2024-04-13 10:00:00', '2024-04-13 10:00:00'),
(67, 51, '2024-04-13 10:00:00', '2024-04-13 10:00:00'),
(68, 52, '2024-04-14 10:00:00', '2024-04-14 10:00:00'),
(69, 53, '2024-04-14 10:00:00', '2024-04-14 10:00:00'),
(70, 53, '2024-04-14 10:00:00', '2024-04-14 10:00:00'),
(71, 54, '2024-04-14 10:00:00', '2024-04-14 10:00:00'),
(72, 55, '2024-04-15 10:00:00', '2024-04-15 10:00:00'),
(73, 56, '2024-04-15 10:00:00', '2024-04-15 10:00:00'),
(74, 56, '2024-04-15 10:00:00', '2024-04-15 10:00:00'),
(75, 57, '2024-04-15 10:00:00', '2024-04-15 10:00:00'),
(76, 58, '2024-04-16 10:00:00', '2024-04-16 10:00:00'),
(77, 59, '2024-04-16 10:00:00', '2024-04-16 10:00:00'),
(78, 59, '2024-04-16 10:00:00', '2024-04-16 10:00:00'),
(79, 60, '2024-04-16 10:00:00', '2024-04-16 10:00:00'),
(80, 61, '2024-04-17 10:00:00', '2024-04-17 10:00:00'),
(81, 62, '2024-04-17 10:00:00', '2024-04-17 10:00:00'),
(82, 62, '2024-04-17 10:00:00', '2024-04-17 10:00:00'),
(83, 63, '2024-04-17 10:00:00', '2024-04-17 10:00:00'),
(84, 64, '2024-04-18 10:00:00', '2024-04-18 10:00:00'),
(85, 65, '2024-04-18 10:00:00', '2024-04-18 10:00:00'),
(86, 65, '2024-04-18 10:00:00', '2024-04-18 10:00:00'),
(87, 66, '2024-04-18 10:00:00', '2024-04-18 10:00:00'),
(88, 67, '2024-04-19 10:00:00', '2024-04-19 10:00:00'),
(89, 68, '2024-04-19 10:00:00', '2024-04-19 10:00:00'),
(90, 68, '2024-04-19 10:00:00', '2024-04-19 10:00:00'),
(91, 69, '2024-04-19 10:00:00', '2024-04-19 10:00:00'),
(92, 70, '2024-04-20 10:00:00', '2024-04-20 10:00:00'),
(93, 71, '2024-04-20 10:00:00', '2024-04-20 10:00:00'),
(94, 71, '2024-04-20 10:00:00', '2024-04-20 10:00:00'),
(95, 72, '2024-04-20 10:00:00', '2024-04-20 10:00:00'),
(96, 73, '2024-04-21 10:00:00', '2024-04-21 10:00:00'),
(97, 74, '2024-04-21 10:00:00', '2024-04-21 10:00:00'),
(98, 74, '2024-04-21 10:00:00', '2024-04-21 10:00:00'),
(99, 75, '2024-04-21 10:00:00', '2024-04-21 10:00:00'),
(100, 76, '2024-04-22 10:00:00', '2024-04-22 10:00:00'),
(101, 77, '2024-04-22 10:00:00', '2024-04-22 10:00:00'),
(102, 77, '2024-04-22 10:00:00', '2024-04-22 10:00:00'),
(103, 78, '2024-04-22 10:00:00', '2024-04-22 10:00:00'),
(104, 79, '2024-04-23 10:00:00', '2024-04-23 10:00:00'),
(105, 80, '2024-04-23 10:00:00', '2024-04-23 10:00:00'),
(106, 80, '2024-04-23 10:00:00', '2024-04-23 10:00:00'),
(107, 81, '2024-04-23 10:00:00', '2024-04-23 10:00:00'),
(108, 82, '2024-04-24 10:00:00', '2024-04-24 10:00:00'),
(109, 83, '2024-04-24 10:00:00', '2024-04-24 10:00:00'),
(110, 83, '2024-04-24 10:00:00', '2024-04-24 10:00:00'),
(111, 84, '2024-04-24 10:00:00', '2024-04-24 10:00:00'),
(112, 85, '2024-04-25 10:00:00', '2024-04-25 10:00:00'),
(113, 86, '2024-04-25 10:00:00', '2024-04-25 10:00:00'),
(114, 86, '2024-04-25 10:00:00', '2024-04-25 10:00:00'),
(115, 87, '2024-04-25 10:00:00', '2024-04-25 10:00:00'),
(116, 88, '2024-04-26 10:00:00', '2024-04-26 10:00:00'),
(117, 89, '2024-04-26 10:00:00', '2024-04-26 10:00:00'),
(118, 89, '2024-04-26 10:00:00', '2024-04-26 10:00:00'),
(119, 90, '2024-04-26 10:00:00', '2024-04-26 10:00:00'),
(120, 91, '2024-04-27 10:00:00', '2024-04-27 10:00:00'),
(121, 92, '2024-04-27 10:00:00', '2024-04-27 10:00:00'),
(122, 92, '2024-04-27 10:00:00', '2024-04-27 10:00:00'),
(123, 93, '2024-04-27 10:00:00', '2024-04-27 10:00:00'),
(124, 94, '2024-04-28 10:00:00', '2024-04-28 10:00:00'),
(125, 95, '2024-04-28 10:00:00', '2024-04-28 10:00:00'),
(126, 95, '2024-04-28 10:00:00', '2024-04-28 10:00:00'),
(127, 96, '2024-04-28 10:00:00', '2024-04-28 10:00:00'),
(128, 97, '2024-04-29 10:00:00', '2024-04-29 10:00:00'),
(129, 98, '2024-04-29 10:00:00', '2024-04-29 10:00:00'),
(130, 98, '2024-04-29 10:00:00', '2024-04-29 10:00:00'),
(131, 99, '2024-04-29 10:00:00', '2024-04-29 10:00:00'),
(132, 100, '2024-04-30 10:00:00', '2024-04-30 10:00:00'),
(133, 101, '2024-04-30 10:00:00', '2024-04-30 10:00:00'),
(134, 101, '2024-04-30 10:00:00', '2024-04-30 10:00:00'),
(135, 102, '2024-04-30 10:00:00', '2024-04-30 10:00:00'),
(136, 103, '2024-05-02 14:25:18', '2024-05-02 14:25:18'),
(137, 104, '2024-05-02 14:25:22', '2024-05-02 14:25:22'),
(138, 105, '2024-05-02 14:25:26', '2024-05-02 14:25:26'),
(139, 105, '2024-05-02 14:25:26', '2024-05-02 14:25:26'),
(140, 106, '2024-05-06 08:35:28', '2024-05-06 08:35:28'),
(141, 107, '2024-05-06 08:35:28', '2024-05-06 08:35:28'),
(142, 108, '2024-05-06 09:55:44', '2024-05-06 09:55:44'),
(143, 109, '2024-05-06 09:55:44', '2024-05-06 09:55:44'),
(144, 110, '2024-05-07 14:11:23', '2024-05-07 14:11:23'),
(145, 111, '2024-05-07 14:11:24', '2024-05-07 14:11:24'),
(146, 112, '2024-05-07 14:11:25', '2024-05-07 14:11:25'),
(147, 112, '2024-05-07 14:11:25', '2024-05-07 14:11:25'),
(148, 113, '2024-05-07 14:37:08', '2024-05-07 14:37:08'),
(149, 114, '2024-05-07 14:37:09', '2024-05-07 14:37:09'),
(150, 115, '2024-05-07 14:37:11', '2024-05-07 14:37:11'),
(151, 115, '2024-05-07 14:37:11', '2024-05-07 14:37:11'),
(152, 116, '2024-05-07 15:02:44', '2024-05-07 15:02:44'),
(153, 117, '2024-05-07 15:02:45', '2024-05-07 15:02:45'),
(154, 118, '2024-05-07 15:02:46', '2024-05-07 15:02:46'),
(155, 118, '2024-05-07 15:02:46', '2024-05-07 15:02:46'),
(156, 119, '2024-05-28 12:29:09', '2024-05-28 12:29:09'),
(157, 120, '2024-05-28 12:29:10', '2024-05-28 12:29:10'),
(158, 121, '2024-05-28 12:29:11', '2024-05-28 12:29:11'),
(159, 121, '2024-05-28 12:29:11', '2024-05-28 12:29:11'),
(160, 122, '2024-05-28 12:40:01', '2024-05-28 12:40:01'),
(161, 123, '2024-05-28 12:40:02', '2024-05-28 12:40:02'),
(162, 124, '2024-05-28 12:40:04', '2024-05-28 12:40:04'),
(163, 124, '2024-05-28 12:40:04', '2024-05-28 12:40:04'),
(164, 125, '2024-05-28 12:58:41', '2024-05-28 12:58:41'),
(165, 126, '2024-05-28 12:58:42', '2024-05-28 12:58:42'),
(166, 127, '2024-05-28 12:58:43', '2024-05-28 12:58:43'),
(167, 127, '2024-05-28 12:58:43', '2024-05-28 12:58:43'),
(168, 128, '2024-05-28 13:04:52', '2024-05-28 13:04:52'),
(169, 129, '2024-05-28 13:04:53', '2024-05-28 13:04:53'),
(170, 130, '2024-05-28 13:04:55', '2024-05-28 13:04:55'),
(171, 130, '2024-05-28 13:04:55', '2024-05-28 13:04:55'),
(172, 131, '2024-05-28 13:11:14', '2024-05-28 13:11:14'),
(173, 132, '2024-05-28 13:11:16', '2024-05-28 13:11:16'),
(174, 133, '2024-05-28 13:11:17', '2024-05-28 13:11:17'),
(175, 133, '2024-05-28 13:11:17', '2024-05-28 13:11:17'),
(176, 134, '2024-05-30 08:22:44', '2024-05-30 08:22:44'),
(177, 135, '2024-05-30 08:22:46', '2024-05-30 08:22:46'),
(178, 136, '2024-05-30 08:22:48', '2024-05-30 08:22:48'),
(179, 136, '2024-05-30 08:22:48', '2024-05-30 08:22:48'),
(180, 137, '2024-06-23 18:11:18', '2024-06-23 18:11:18'),
(181, 138, '2024-06-23 18:11:21', '2024-06-23 18:11:21'),
(182, 139, '2024-06-23 18:11:23', '2024-06-23 18:11:23'),
(183, 139, '2024-06-23 18:11:23', '2024-06-23 18:11:23'),
(184, 140, '2024-06-23 18:13:09', '2024-06-23 18:13:09'),
(185, 140, '2024-06-23 18:13:09', '2024-06-23 18:13:09'),
(186, 141, '2024-06-23 19:19:28', '2024-06-23 19:19:28'),
(187, 142, '2024-06-23 19:19:30', '2024-06-23 19:19:30'),
(188, 143, '2024-06-23 19:19:31', '2024-06-23 19:19:31'),
(189, 143, '2024-06-23 19:19:31', '2024-06-23 19:19:31'),
(190, 144, '2024-06-24 11:37:10', '2024-06-24 11:37:10'),
(191, 145, '2024-06-24 11:37:11', '2024-06-24 11:37:11'),
(192, 145, '2024-06-24 11:37:11', '2024-06-24 11:37:11'),
(193, 146, '2024-06-24 12:20:45', '2024-06-24 12:20:45'),
(194, 147, '2024-06-24 12:21:40', '2024-06-24 12:21:40'),
(195, 148, '2024-06-24 12:22:38', '2024-06-24 12:22:38'),
(196, 149, '2024-06-24 12:40:01', '2024-06-24 12:40:01'),
(197, 150, '2024-06-24 15:14:21', '2024-06-24 15:14:21'),
(198, 151, '2024-06-24 15:14:21', '2024-06-24 15:14:21'),
(199, 152, '2024-06-24 15:15:26', '2024-06-24 15:15:26'),
(200, 153, '2024-06-24 15:15:26', '2024-06-24 15:15:26'),
(201, 154, '2024-06-24 15:36:53', '2024-06-24 15:36:53'),
(202, 155, '2024-06-24 15:36:53', '2024-06-24 15:36:53'),
(203, 156, '2024-06-24 15:54:46', '2024-06-24 15:54:46'),
(204, 157, '2024-06-24 16:02:22', '2024-06-24 16:02:22'),
(205, 158, '2024-06-24 16:06:52', '2024-06-24 16:06:52'),
(206, 159, '2024-06-24 16:11:45', '2024-06-24 16:11:45'),
(207, 160, '2024-06-24 16:16:47', '2024-06-24 16:16:47'),
(208, 160, '2024-06-24 16:16:47', '2024-06-24 16:16:47'),
(209, 161, '2024-06-25 17:03:19', '2024-06-25 17:03:19'),
(210, 161, '2024-06-25 17:03:19', '2024-06-25 17:03:19'),
(211, 161, '2024-06-25 17:03:19', '2024-06-25 17:03:19'),
(212, 162, '2024-06-25 17:05:50', '2024-06-25 17:05:50'),
(213, 163, '2024-06-25 17:11:57', '2024-06-25 17:11:57'),
(214, 164, '2024-06-25 17:21:41', '2024-06-25 17:21:41'),
(215, 165, '2024-06-26 10:22:26', '2024-06-26 10:22:26'),
(216, 166, '2024-06-26 15:14:09', '2024-06-26 15:14:09'),
(217, 166, '2024-06-26 15:14:09', '2024-06-26 15:14:09'),
(218, 166, '2024-06-26 15:14:09', '2024-06-26 15:14:09'),
(219, 167, '2024-06-26 15:45:12', '2024-06-26 15:45:12'),
(220, 167, '2024-06-26 15:45:12', '2024-06-26 15:45:12'),
(221, 167, '2024-06-26 15:45:12', '2024-06-26 15:45:12'),
(222, 168, '2024-06-26 16:14:06', '2024-06-26 16:14:06'),
(223, 168, '2024-06-26 16:14:06', '2024-06-26 16:14:06'),
(224, 168, '2024-06-26 16:14:06', '2024-06-26 16:14:06'),
(225, 169, '2024-06-26 16:52:53', '2024-06-26 16:52:53'),
(226, 169, '2024-06-26 16:52:53', '2024-06-26 16:52:53'),
(227, 169, '2024-06-26 16:52:53', '2024-06-26 16:52:53'),
(228, 170, '2024-06-26 16:56:11', '2024-06-26 16:56:11'),
(229, 170, '2024-06-26 16:56:11', '2024-06-26 16:56:11'),
(230, 170, '2024-06-26 16:56:11', '2024-06-26 16:56:11'),
(231, 171, '2024-06-26 17:15:40', '2024-06-26 17:15:40'),
(232, 171, '2024-06-26 17:15:40', '2024-06-26 17:15:40'),
(233, 171, '2024-06-26 17:15:40', '2024-06-26 17:15:40'),
(234, 172, '2024-07-10 16:04:24', '2024-07-10 16:04:24'),
(235, 173, '2024-07-10 16:30:26', '2024-07-10 16:30:26'),
(236, 173, '2024-07-10 16:30:26', '2024-07-10 16:30:26'),
(237, 173, '2024-07-10 16:30:26', '2024-07-10 16:30:26'),
(238, 173, '2024-07-10 16:30:26', '2024-07-10 16:30:26'),
(239, 174, '2024-07-22 09:47:17', '2024-07-22 09:47:17'),
(240, 175, '2024-07-22 09:48:06', '2024-07-22 09:48:06'),
(241, 176, '2024-07-22 09:48:06', '2024-07-22 09:48:06'),
(242, 177, '2024-07-22 09:48:34', '2024-07-22 09:48:34'),
(243, 178, '2024-07-27 20:17:19', '2024-07-27 20:17:19'),
(244, 179, '2024-08-30 23:25:19', '2024-08-30 23:25:19'),
(245, 180, '2024-08-30 23:49:07', '2024-08-30 23:49:07'),
(246, 181, '2024-08-31 01:13:56', '2024-08-31 01:13:56'),
(247, 182, '2024-08-31 01:46:17', '2024-08-31 01:46:17'),
(248, 183, '2024-08-31 01:59:56', '2024-08-31 01:59:56'),
(249, 184, '2024-08-31 02:26:34', '2024-08-31 02:26:34'),
(250, 185, '2024-09-30 21:17:02', '2024-09-30 21:17:02'),
(251, 186, '2024-09-30 21:28:51', '2024-09-30 21:28:51'),
(252, 187, '2024-09-30 21:45:28', '2024-09-30 21:45:28'),
(253, 188, '2024-10-02 10:55:44', '2024-10-02 10:55:44'),
(254, 189, '2024-10-02 11:38:46', '2024-10-02 11:38:46'),
(255, 190, '2024-10-03 20:17:32', '2024-10-03 20:17:32'),
(256, 191, '2024-10-03 20:57:09', '2024-10-03 20:57:09'),
(257, 192, '2024-10-04 00:03:12', '2024-10-04 00:03:12'),
(258, 192, '2024-10-04 00:03:19', '2024-10-04 00:03:19'),
(259, 193, '2025-01-21 18:41:26', '2025-01-21 18:41:26'),
(260, 194, '2025-01-22 19:03:24', '2025-01-22 19:03:24'),
(261, 195, '2025-01-22 19:31:58', '2025-01-22 19:31:58');

-- --------------------------------------------------------

--
-- Estructura de tabla para la tabla `tipo_alimentos`
--
-- Creación: 31-03-2024 a las 18:45:47
-- Última actualización: 21-01-2025 a las 18:41:26
--

CREATE TABLE `tipo_alimentos` (
  `id` bigint(20) UNSIGNED NOT NULL,
  `tipo` varchar(255) NOT NULL,
  `kcal_g` double(17,15) NOT NULL,
  `carb_g` double(17,15) NOT NULL,
  `lip_g` double(17,15) NOT NULL,
  `prot_g` double(17,15) NOT NULL,
  `created_at` timestamp NULL DEFAULT NULL,
  `updated_at` timestamp NULL DEFAULT NULL
) ENGINE=InnoDB DEFAULT CHARSET=utf8mb4 COLLATE=utf8mb4_unicode_ci;

--
-- Volcado de datos para la tabla `tipo_alimentos`
--

INSERT INTO `tipo_alimentos` (`id`, `tipo`, `kcal_g`, `carb_g`, `lip_g`, `prot_g`, `created_at`, `updated_at`) VALUES
(1, 'grupo', 0.710500000000000, 0.051500000000000, 0.041400000000000, 0.037800000000000, '2023-05-18 11:21:24', '2023-05-18 11:21:24'),
(2, 'grupo', 0.472900000000000, 0.049500000000000, 0.017400000000000, 0.033200000000000, '2023-05-18 11:25:24', '2023-05-18 11:25:24'),
(3, 'grupo', 0.339300000000000, 0.047800000000000, 0.002800000000000, 0.033800000000000, '2023-05-18 11:30:24', '2023-05-18 11:30:24'),
(4, 'grupo', 0.859800000000000, 0.131600000000000, 0.025700000000000, 0.030100000000000, '2023-05-18 11:35:24', '2023-05-18 11:35:24'),
(5, 'grupo', 1.848400000000000, 0.247800000000000, 0.080600000000000, 0.035600000000000, '2023-05-18 11:40:24', '2023-05-18 11:40:24'),
(6, 'grupo', 0.480900000000000, 0.111900000000000, 0.002500000000000, 0.008200000000000, '2023-05-18 11:45:24', '2023-05-18 11:45:24'),
(7, 'grupo', 0.245400000000000, 0.041200000000000, 0.003700000000000, 0.014800000000000, '2023-05-18 11:50:24', '2023-05-18 11:50:24'),
(8, 'grupo', 2.105300000000000, 0.445200000000000, 0.014200000000000, 0.062200000000000, '2023-05-18 11:55:24', '2023-05-18 11:55:24'),
(9, 'grupo', 3.223600000000000, 0.552300000000000, 0.032700000000000, 0.214800000000000, '2023-05-18 12:21:24', '2023-05-18 12:21:24'),
(10, 'grupo', 3.875500000000000, 0.505500000000000, 0.188300000000000, 0.070700000000000, '2023-05-18 12:25:24', '2023-05-18 12:25:24'),
(11, 'grupo', 7.243400000000000, 0.027500000000000, 0.787400000000000, 0.028300000000000, '2023-05-18 12:30:24', '2023-05-18 12:30:24'),
(12, 'grupo', 8.356100000000000, 0.006600000000000, 0.931200000000000, 0.023200000000000, '2023-05-18 12:35:24', '2023-05-18 12:35:24'),
(13, 'grupo', 5.617800000000000, 0.017800000000000, 0.611500000000000, 0.012600000000000, '2023-05-18 12:40:24', '2023-05-18 12:40:24'),
(14, 'grupo', 8.268600000000000, 0.000700000000000, 0.913600000000000, 0.010700000000000, '2023-05-18 12:45:24', '2023-05-18 12:45:24'),
(15, 'grupo', 3.516200000000000, 0.844600000000000, 0.024700000000000, 0.026200000000000, '2023-05-18 12:50:24', '2023-05-18 12:50:24'),
(16, 'grupo', 0.994700000000000, 0.010100000000000, 0.017600000000000, 0.193000000000000, '2023-05-18 12:55:24', '2023-05-18 12:55:24'),
(17, 'grupo', 1.322500000000000, 0.037500000000000, 0.050500000000000, 0.181400000000000, '2023-05-18 13:21:24', '2023-05-18 13:21:24'),
(18, 'grupo', 1.552500000000000, 0.006400000000000, 0.112600000000000, 0.134700000000000, '2023-05-18 13:25:24', '2023-05-18 13:25:24'),
(19, 'grupo', 2.790400000000000, 0.000000000000000, 0.216000000000000, 0.206100000000000, '2023-05-18 13:30:24', '2023-05-18 13:30:24'),
(20, 'grupo', 3.161400000000000, 0.036400000000000, 0.281700000000000, 0.131600000000000, '2023-05-18 13:35:24', '2023-05-18 13:35:24'),
(21, 'grupo', 0.228200000000000, 0.023500000000000, 0.009800000000000, 0.015800000000000, '2023-05-18 13:40:24', '2023-05-18 13:40:24'),
(22, 'grupo', 0.961700000000000, 0.237500000000000, 0.005100000000000, 0.019500000000000, '2023-05-18 13:45:24', '2023-05-18 13:45:24'),
(23, 'grupo', 1.176200000000000, 0.186800000000000, 0.014600000000000, 0.085800000000000, '2023-05-18 13:50:24', '2023-05-18 13:50:24'),
(24, 'grupo', 0.945000000000000, 0.001300000000000, 0.013100000000000, 0.197800000000000, '2023-05-18 13:55:24', '2023-05-18 13:55:24'),
(25, 'grupo', 1.693900000000000, 0.025800000000000, 0.072800000000000, 0.226900000000000, '2023-05-18 14:21:24', '2023-05-18 14:21:24'),
(26, 'grupo', 1.476900000000000, 0.006400000000000, 0.106700000000000, 0.129800000000000, '2023-05-18 14:25:24', '2023-05-18 14:25:24'),
(27, 'grupo', 2.815600000000000, 0.000000000000000, 0.226000000000000, 0.186900000000000, '2024-07-27 20:17:19', '2024-07-27 20:17:19'),
(28, 'barcode', 4.760000000000000, 0.610000000000000, 0.210000000000000, 0.076000000000000, '2024-08-31 02:00:21', '2024-08-31 02:00:21'),
(29, 'barcode', 2.190000000000000, 0.000000000000000, 0.130000000000000, 0.250000000000000, '2024-09-30 21:17:08', '2024-09-30 21:17:08'),
(30, 'barcode', 1.980000000000000, 0.000000000000000, 0.082000000000000, 0.290000000000000, '2024-09-30 21:18:29', '2024-09-30 21:18:29'),
(31, 'barcode', 3.840000000000000, 0.769000000000000, 0.024000000000000, 0.118000000000000, '2024-10-04 00:03:19', '2024-10-04 00:03:19'),
(32, 'barcode', 4.100000000000000, 0.673000000000000, 0.113000000000000, 0.072000000000000, '2025-01-21 18:41:26', '2025-01-21 18:41:26');

-- --------------------------------------------------------

--
-- Estructura de tabla para la tabla `users`
--
-- Creación: 31-03-2024 a las 18:45:47
-- Última actualización: 11-02-2025 a las 15:24:43
--

CREATE TABLE `users` (
  `id` bigint(20) UNSIGNED NOT NULL,
  `name` varchar(255) NOT NULL,
  `email` varchar(255) NOT NULL,
  `age` smallint(6) NOT NULL,
  `sex` varchar(255) NOT NULL,
  `email_verified_at` timestamp NULL DEFAULT NULL,
  `password` varchar(255) NOT NULL,
  `activo` tinyint(1) NOT NULL DEFAULT 1,
  `fecha_inicio` date NOT NULL DEFAULT '2024-03-31',
  `fecha_fin` date DEFAULT NULL,
  `image` blob DEFAULT NULL,
  `remember_token` varchar(100) DEFAULT NULL,
  `created_at` timestamp NULL DEFAULT NULL,
  `updated_at` timestamp NULL DEFAULT NULL
) ENGINE=InnoDB DEFAULT CHARSET=utf8mb4 COLLATE=utf8mb4_unicode_ci;

--
-- Volcado de datos para la tabla `users`
--

INSERT INTO `users` (`id`, `name`, `email`, `age`, `sex`, `email_verified_at`, `password`, `activo`, `fecha_inicio`, `fecha_fin`, `image`, `remember_token`, `created_at`, `updated_at`) VALUES
(1, 'usuario1', 'pepe@pixelada.org', 40, 'Male', NULL, '$2y$12$AScQhjJ8PCiulikGTJpKve0J5HlNzzJzKDOYccJRmrdp54ETqRK12', 1, '2023-05-20', NULL, NULL, NULL, '2024-03-31 18:45:47', '2024-06-04 10:56:03'),
(2, 'usuario2', 'i22almoj@gmail.com', 40, 'Male', NULL, '$2y$12$AScQhjJ8PCiulikGTJpKve0J5HlNzzJzKDOYccJRmrdp54ETqRK12', 1, '2023-05-20', NULL, NULL, NULL, '2024-03-31 18:45:47', '2025-02-11 15:24:43'),
(3, 'usuario3', 'usuario3@mail.com', 45, 'Male', NULL, '$2y$12$Nbnyak1RwPfhOW1JmvNqUuaotfncghJ3zPEySoBJOJFtyXyZSNyaC', 1, '2023-05-20', NULL, NULL, NULL, '2024-03-31 18:45:47', '2024-03-31 18:45:47'),
(4, 'usuarioESP32', 'usuarioESP32@mail.com', 25, 'Female', NULL, '', 1, '2024-03-31', NULL, NULL, NULL, '2024-04-15 14:07:49', '2024-04-15 14:07:49'),
(7, 'usuario2ESP32', 'usuario2ESP32@mail.com', 25, 'Female', NULL, '', 1, '2024-03-31', NULL, NULL, NULL, NULL, NULL),
(10, 'tester', 'tester@mail.com', 25, '', NULL, '', 1, '2024-06-24', NULL, NULL, NULL, '2024-06-24 17:32:31', '2024-06-24 17:32:31'),
(11, 'tester2', 'tester2@mail.com', 25, '', NULL, '', 1, '2024-03-31', NULL, NULL, NULL, NULL, NULL),
(13, 'tester3', 'tester3@mail.com', 25, '', NULL, '', 1, '2024-03-31', NULL, NULL, NULL, NULL, NULL),
(14, 'tester4', 'tester4@mail.com', 26, 'female', NULL, '', 1, '2024-09-23', NULL, NULL, NULL, '2024-09-23 11:24:50', '2024-09-23 11:24:50'),
(15, 'user1', 'user1@mail.com', 30, 'male', NULL, '', 1, '2024-07-31', NULL, NULL, NULL, NULL, NULL);

--
-- Índices para tablas volcadas
--

--
-- Indices de la tabla `alimentos`
--
ALTER TABLE `alimentos`
  ADD PRIMARY KEY (`id`),
  ADD KEY `alimentos_user_id_foreign` (`user_id`),
  ADD KEY `alimentos_plato_id_foreign` (`plato_id`),
  ADD KEY `alimentos_tipoalimento_id_foreign` (`tipoalimento_id`);

--
-- Indices de la tabla `barcodes`
--
ALTER TABLE `barcodes`
  ADD KEY `barcodes_tipoalimento_id_foreign` (`tipoalimento_id`);

--
-- Indices de la tabla `comidas`
--
ALTER TABLE `comidas`
  ADD PRIMARY KEY (`id`);

--
-- Indices de la tabla `failed_jobs`
--
ALTER TABLE `failed_jobs`
  ADD PRIMARY KEY (`id`),
  ADD UNIQUE KEY `failed_jobs_uuid_unique` (`uuid`);

--
-- Indices de la tabla `grupos`
--
ALTER TABLE `grupos`
  ADD KEY `grupos_tipoalimento_id_foreign` (`tipoalimento_id`);

--
-- Indices de la tabla `ind_glucemicos`
--
ALTER TABLE `ind_glucemicos`
  ADD PRIMARY KEY (`medicion_id`);

--
-- Indices de la tabla `insulinas`
--
ALTER TABLE `insulinas`
  ADD PRIMARY KEY (`medicion_id`);

--
-- Indices de la tabla `mantels`
--
ALTER TABLE `mantels`
  ADD PRIMARY KEY (`id`),
  ADD KEY `mantels_user_id_foreign` (`user_id`);

--
-- Indices de la tabla `medicions`
--
ALTER TABLE `medicions`
  ADD PRIMARY KEY (`id`),
  ADD KEY `medicions_user_id_foreign` (`user_id`);

--
-- Indices de la tabla `migrations`
--
ALTER TABLE `migrations`
  ADD PRIMARY KEY (`id`);

--
-- Indices de la tabla `password_reset_tokens`
--
ALTER TABLE `password_reset_tokens`
  ADD PRIMARY KEY (`email`);

--
-- Indices de la tabla `personal_access_tokens`
--
ALTER TABLE `personal_access_tokens`
  ADD PRIMARY KEY (`id`),
  ADD UNIQUE KEY `personal_access_tokens_token_unique` (`token`),
  ADD KEY `personal_access_tokens_tokenable_type_tokenable_id_index` (`tokenable_type`,`tokenable_id`);

--
-- Indices de la tabla `platos`
--
ALTER TABLE `platos`
  ADD PRIMARY KEY (`id`),
  ADD KEY `platos_comida_id_foreign` (`comida_id`);

--
-- Indices de la tabla `tipo_alimentos`
--
ALTER TABLE `tipo_alimentos`
  ADD PRIMARY KEY (`id`);

--
-- Indices de la tabla `users`
--
ALTER TABLE `users`
  ADD PRIMARY KEY (`id`),
  ADD UNIQUE KEY `users_name_unique` (`name`),
  ADD UNIQUE KEY `users_email_unique` (`email`);

--
-- AUTO_INCREMENT de las tablas volcadas
--

--
-- AUTO_INCREMENT de la tabla `alimentos`
--
ALTER TABLE `alimentos`
  MODIFY `id` bigint(20) UNSIGNED NOT NULL AUTO_INCREMENT, AUTO_INCREMENT=562;

--
-- AUTO_INCREMENT de la tabla `comidas`
--
ALTER TABLE `comidas`
  MODIFY `id` bigint(20) UNSIGNED NOT NULL AUTO_INCREMENT, AUTO_INCREMENT=196;

--
-- AUTO_INCREMENT de la tabla `failed_jobs`
--
ALTER TABLE `failed_jobs`
  MODIFY `id` bigint(20) UNSIGNED NOT NULL AUTO_INCREMENT;

--
-- AUTO_INCREMENT de la tabla `medicions`
--
ALTER TABLE `medicions`
  MODIFY `id` bigint(20) UNSIGNED NOT NULL AUTO_INCREMENT, AUTO_INCREMENT=90;

--
-- AUTO_INCREMENT de la tabla `migrations`
--
ALTER TABLE `migrations`
  MODIFY `id` int(10) UNSIGNED NOT NULL AUTO_INCREMENT, AUTO_INCREMENT=15;

--
-- AUTO_INCREMENT de la tabla `personal_access_tokens`
--
ALTER TABLE `personal_access_tokens`
  MODIFY `id` bigint(20) UNSIGNED NOT NULL AUTO_INCREMENT, AUTO_INCREMENT=523;

--
-- AUTO_INCREMENT de la tabla `platos`
--
ALTER TABLE `platos`
  MODIFY `id` bigint(20) UNSIGNED NOT NULL AUTO_INCREMENT, AUTO_INCREMENT=262;

--
-- AUTO_INCREMENT de la tabla `tipo_alimentos`
--
ALTER TABLE `tipo_alimentos`
  MODIFY `id` bigint(20) UNSIGNED NOT NULL AUTO_INCREMENT, AUTO_INCREMENT=33;

--
-- AUTO_INCREMENT de la tabla `users`
--
ALTER TABLE `users`
  MODIFY `id` bigint(20) UNSIGNED NOT NULL AUTO_INCREMENT, AUTO_INCREMENT=17;

--
-- Restricciones para tablas volcadas
--

--
-- Filtros para la tabla `alimentos`
--
ALTER TABLE `alimentos`
  ADD CONSTRAINT `alimentos_plato_id_foreign` FOREIGN KEY (`plato_id`) REFERENCES `platos` (`id`),
  ADD CONSTRAINT `alimentos_tipoalimento_id_foreign` FOREIGN KEY (`tipoalimento_id`) REFERENCES `tipo_alimentos` (`id`),
  ADD CONSTRAINT `alimentos_user_id_foreign` FOREIGN KEY (`user_id`) REFERENCES `users` (`id`);

--
-- Filtros para la tabla `barcodes`
--
ALTER TABLE `barcodes`
  ADD CONSTRAINT `barcodes_tipoalimento_id_foreign` FOREIGN KEY (`tipoalimento_id`) REFERENCES `tipo_alimentos` (`id`);

--
-- Filtros para la tabla `grupos`
--
ALTER TABLE `grupos`
  ADD CONSTRAINT `grupos_tipoalimento_id_foreign` FOREIGN KEY (`tipoalimento_id`) REFERENCES `tipo_alimentos` (`id`);

--
-- Filtros para la tabla `ind_glucemicos`
--
ALTER TABLE `ind_glucemicos`
  ADD CONSTRAINT `ind_glucemicos_medicion_id_foreign` FOREIGN KEY (`medicion_id`) REFERENCES `medicions` (`id`);

--
-- Filtros para la tabla `insulinas`
--
ALTER TABLE `insulinas`
  ADD CONSTRAINT `insulinas_medicion_id_foreign` FOREIGN KEY (`medicion_id`) REFERENCES `medicions` (`id`);

--
-- Filtros para la tabla `mantels`
--
ALTER TABLE `mantels`
  ADD CONSTRAINT `mantels_user_id_foreign` FOREIGN KEY (`user_id`) REFERENCES `users` (`id`) ON DELETE SET NULL;

--
-- Filtros para la tabla `medicions`
--
ALTER TABLE `medicions`
  ADD CONSTRAINT `medicions_user_id_foreign` FOREIGN KEY (`user_id`) REFERENCES `users` (`id`);

--
-- Filtros para la tabla `platos`
--
ALTER TABLE `platos`
  ADD CONSTRAINT `platos_comida_id_foreign` FOREIGN KEY (`comida_id`) REFERENCES `comidas` (`id`);
COMMIT;

/*!40101 SET CHARACTER_SET_CLIENT=@OLD_CHARACTER_SET_CLIENT */;
/*!40101 SET CHARACTER_SET_RESULTS=@OLD_CHARACTER_SET_RESULTS */;
/*!40101 SET COLLATION_CONNECTION=@OLD_COLLATION_CONNECTION */;
