

--
-- Volcado de datos para la tabla `Comida`
--

INSERT INTO `Comida` (`id_comida`, `fecha`) VALUES
(1, '2005-12-20 21:00:00'),
(2, '2005-12-20 21:00:00'),
(3, '2020-12-20 20:00:00'),
(4, '2005-12-20 21:00:00'),
(5, '2020-12-20 20:00:00'),
(6, '2020-12-20 20:00:00'),
(7, '2005-12-20 21:00:00'),
(8, '2005-12-20 21:00:00'),
(9, '2005-12-20 21:00:00'),  
(10, '2005-12-20 21:00:00'), 
(11, '2005-12-20 21:00:00'),
(12, '2005-12-20 21:00:00'),
(13, '2005-12-20 21:00:00'),
(14, '2005-12-20 21:00:00'),
(15, '2005-12-20 21:00:00'),
(16, '2005-12-20 21:00:00'),
(17, '2005-12-20 00:03:00'),
(18, '2005-12-20 21:00:00'),
(19, '2005-12-20 21:00:00'),
(20, '2005-12-20 21:00:00'),
(21, '2005-12-20 21:00:00'),
(22, '2005-12-20 03:00:00'),
(23, '2005-12-20 21:00:00'),
(24, '2005-12-20 21:00:00'),
(25, '2005-12-20 21:00:00'),
(26, '2005-12-20 21:00:00'),
(27, '2005-12-20 21:00:00'),
(28, '2005-12-20 21:00:00'),
(29, '2024-01-19 17:55:36'),
(30, '2024-01-19 18:25:25'),
(31, '2024-01-19 15:55:36'),
(32, '2024-01-19 16:25:25'),
(33, '2024-01-19 14:55:36'),
(34, '2024-01-19 15:25:25'),
(35, '2024-01-19 14:55:36'),
(36, '2024-01-19 15:25:25'),
(37, '2024-01-19 14:55:36'),
(38, '2024-01-19 15:25:25'),
(39, '2024-01-19 14:55:36'),
(40, '2024-01-19 15:25:25'),
(41, '2024-01-19 07:39:36'),
(42, '2023-12-05 14:55:36'),
(43, '2023-12-05 15:25:25'),
(44, '2023-12-05 14:55:36'),
(45, '2023-12-05 15:25:25');

-- --------------------------------------------------------


--
-- Volcado de datos para la tabla `Plato`
--

INSERT INTO `Plato` (`id_plato`, `id_comida`) VALUES
(1, 1),
(2, 2),
(3, 3),
(4, 3),
(5, 4),
(6, 5),
(7, 6),
(8, 6),
(9, 7),
(10, 8),
(11, 9),
(12, 10),
(13, 11),
(14, 11),
(15, 12),
(16, 13),
(17, 14),
(18, 15),
(19, 16),
(20, 17),
(21, 18),
(22, 19),
(23, 20),
(24, 21),
(25, 22),
(26, 23),
(27, 24),
(28, 25),
(29, 26),
(30, 27),
(31, 28),
(32, 29),
(33, 30),
(34, 31),
(35, 32),
(36, 33),
(37, 34),
(38, 35),
(39, 36),
(40, 37),
(41, 38),
(42, 39),
(43, 40),
(44, 41),
(45, 41),
(46, 42),
(47, 43),
(48, 44),
(49, 45);

-- --------------------------------------------------------




--
-- Volcado de datos para la tabla `Alimento`
--

INSERT INTO `Alimento` (`id_alimento`, `peso`, `id_plato`, `id_tipo`, `dni`) VALUES
(1, 53.5, 1, 15, '30987645F'),
(2, 53.5, 1, 9, '30987645F'),
(3, 24.4, 2, 15, '30987645F'),
(4, 53.5, 3, 15, '30987645F'),
(5, 53.5, 3, 9, '30987645F'),
(6, 32.07, 4, 3, '30987645F'),
(7, 46.65, 4, 21, '30987645F'),
(8, 16.23, 4, 10, '30987645F'),
(9, 53.5, 5, 15, '38042651J'),
(10, 53.5, 5, 9, '38042651J'),
(11, 24.4, 6, 15, '38042651J'),
(12, 53.5, 7, 15, '38042651J'),
(13, 53.5, 7, 9, '38042651J'),
(14, 32.07, 8, 3, '38042651J'),
(15, 53.5, 9, 15, '38042651J'),
(16, 53.5, 9, 9, '38042651J'),
(17, 24.4, 10, 15, '38042651J'),
(18, 53.5, 11, 15, '38042651J'),
(19, 53.5, 11, 9, '38042651J'),
(20, 24.4, 12, 15, '38042651J'),
(21, 53.5, 13, 15, '38042651J'),
(22, 53.5, 13, 9, '38042651J'),
(23, 32.07, 14, 3, '38042651J'),
(24, 46.65, 14, 21, '38042651J'),
(25, 16.23, 14, 10, '38042651J'),
(26, 53.5, 15, 15, '38042651J'),
(27, 53.5, 15, 9, '38042651J'),
(28, 24.4, 16, 15, '38042651J'),
(29, 53.5, 17, 15, '38042651J'),
(30, 53.5, 17, 9, '38042651J'),
(31, 24.4, 18, 15, '38042651J'),
(32, 53.5, 19, 15, '38042651J'),
(33, 53.5, 19, 9, '38042651J'),
(34, 24.4, 20, 15, '38042651J'),
(35, 24.4, 21, 15, '38042651J'),
(36, 53.5, 22, 15, '38042651J'),
(37, 53.5, 22, 9, '38042651J'),
(38, 24.4, 23, 15, '38042651J'),
(39, 53.5, 24, 15, '38042651J'),
(40, 53.5, 24, 9, '38042651J'),
(41, 24.4, 25, 15, '38042651J'),
(42, 53.5, 26, 15, '38042651J'),
(43, 53.5, 26, 9, '38042651J'),
(44, 24.4, 27, 15, '38042651J'),
(45, 53.5, 28, 15, '38042651J'),
(46, 53.5, 28, 9, '38042651J'),
(47, 24.4, 29, 15, '38042651J'),
(48, 53.5, 30, 15, '38042651J'),
(49, 53.5, 30, 9, '38042651J'),
(50, 24.4, 31, 15, '38042651J'),
(51, 53.5, 32, 15, '38042651J'),
(52, 53.5, 32, 9, '38042651J'),
(53, 24.4, 33, 15, '38042651J'),
(54, 53.5, 34, 15, '38042651J'),
(55, 53.5, 34, 9, '38042651J'),
(56, 24.4, 35, 15, '38042651J'),
(57, 53.5, 36, 15, '38042651J'),
(58, 53.5, 36, 9, '38042651J'),
(59, 24.4, 37, 15, '38042651J'),
(60, 53.5, 38, 15, '38042651J'),
(61, 53.5, 38, 9, '38042651J'),
(62, 24.4, 39, 15, '38042651J'),
(63, 53.5, 40, 15, '38042651J'),
(64, 53.5, 40, 9, '38042651J'),
(65, 24.4, 41, 15, '38042651J'),
(66, 53.5, 42, 15, '38042651J'),
(67, 53.5, 42, 9, '38042651J'),
(68, 24.4, 43, 15, '38042651J'),
(69, 53.5, 44, 15, '38042651J'),
(70, 53.5, 44, 9, '38042651J'),
(71, 32.07, 45, 3, '38042651J'),
(72, 46.65, 45, 21, '38042651J'),
(73, 16.23, 45, 10, '38042651J'),
(74, 53.5, 46, 15, '38042651J'),
(75, 53.5, 46, 9, '38042651J'),
(76, 24.4, 47, 15, '38042651J'),
(77, 53.5, 48, 15, '38042651J'),
(78, 53.5, 48, 9, '38042651J'),
(79, 24.4, 49, 15, '38042651J');

-- --------------------------------------------------------