-- phpMyAdmin SQL Dump
-- version 5.2.1
-- https://www.phpmyadmin.net/
--
-- Servidor: 192.168.0.100
-- Tiempo de generación: 03-07-2024 a las 20:44:48
-- Versión del servidor: 8.0.36-28
-- Versión de PHP: 7.3.13

SET SQL_MODE = "NO_AUTO_VALUE_ON_ZERO";
START TRANSACTION;
SET time_zone = "+00:00";


/*!40101 SET @OLD_CHARACTER_SET_CLIENT=@@CHARACTER_SET_CLIENT */;
/*!40101 SET @OLD_CHARACTER_SET_RESULTS=@@CHARACTER_SET_RESULTS */;
/*!40101 SET @OLD_COLLATION_CONNECTION=@@COLLATION_CONNECTION */;
/*!40101 SET NAMES utf8mb4 */;

--
-- Base de datos: `smartclo_SM-database`
--

-- --------------------------------------------------------

--
-- Estructura de tabla para la tabla `alimentos`
--

CREATE TABLE `alimentos` (
  `id` bigint UNSIGNED NOT NULL,
  `peso` double(6,2) NOT NULL,
  `user_id` bigint UNSIGNED NOT NULL,
  `plato_id` bigint UNSIGNED NOT NULL,
  `tipoalimento_id` bigint UNSIGNED NOT NULL,
  `created_at` timestamp NULL DEFAULT NULL,
  `updated_at` timestamp NULL DEFAULT NULL
) ENGINE=InnoDB DEFAULT CHARSET=utf8mb4 COLLATE=utf8mb4_unicode_ci;

--
-- Volcado de datos para la tabla `alimentos`
--

INSERT INTO `alimentos` (`id`, `peso`, `user_id`, `plato_id`, `tipoalimento_id`, `created_at`, `updated_at`) VALUES
(1, 53.50, 1, 1, 15, '2024-03-31 16:00:51', '2024-03-31 16:00:51'),
(2, 95.80, 1, 1, 9, '2024-03-31 16:00:51', '2024-03-31 16:00:51'),
(3, 24.40, 1, 2, 15, '2024-03-31 16:00:51', '2024-03-31 16:00:51'),
(4, 53.50, 1, 3, 15, '2024-03-31 16:00:51', '2024-03-31 16:00:51'),
(5, 32.90, 1, 3, 9, '2024-03-31 16:00:51', '2024-03-31 16:00:51'),
(6, 32.07, 1, 4, 3, '2024-03-31 16:00:51', '2024-03-31 16:00:51'),
(7, 46.65, 1, 4, 21, '2024-03-31 16:00:51', '2024-03-31 16:00:51'),
(8, 16.23, 1, 4, 10, '2024-03-31 16:00:51', '2024-03-31 16:00:51'),
(9, 83.50, 1, 5, 20, '2024-03-31 16:00:51', '2024-03-31 16:00:51'),
(10, 35.40, 1, 5, 3, '2024-03-31 16:00:51', '2024-03-31 16:00:51'),
(11, 93.40, 1, 6, 12, '2024-03-31 16:00:51', '2024-03-31 16:00:51'),
(12, 125.50, 1, 7, 1, '2024-03-31 16:00:51', '2024-03-31 16:00:51'),
(13, 41.90, 1, 7, 5, '2024-03-31 16:00:51', '2024-03-31 16:00:51'),
(116, 91.00, 1, 16, 15, '2024-04-01 07:00:00', '2024-04-01 07:00:00'),
(117, 32.00, 1, 16, 17, '2024-04-01 07:00:00', '2024-04-01 07:00:00'),
(118, 179.00, 1, 17, 19, '2024-04-01 07:00:00', '2024-04-01 07:00:00'),
(119, 13.00, 1, 17, 13, '2024-04-01 07:00:00', '2024-04-01 07:00:00'),
(120, 55.00, 1, 18, 24, '2024-04-01 07:00:00', '2024-04-01 07:00:00'),
(121, 15.00, 1, 18, 14, '2024-04-01 07:00:00', '2024-04-01 07:00:00'),
(122, 86.00, 1, 19, 26, '2024-04-01 07:00:00', '2024-04-01 07:00:00'),
(123, 42.00, 1, 19, 19, '2024-04-01 07:00:00', '2024-04-01 07:00:00'),
(124, 75.00, 1, 20, 9, '2024-04-02 07:00:00', '2024-04-02 07:00:00'),
(125, 32.00, 1, 20, 17, '2024-04-02 07:00:00', '2024-04-02 07:00:00'),
(126, 179.00, 1, 21, 19, '2024-04-02 07:00:00', '2024-04-02 07:00:00'),
(127, 13.00, 1, 21, 14, '2024-04-02 07:00:00', '2024-04-02 07:00:00'),
(128, 47.00, 1, 22, 9, '2024-04-02 07:00:00', '2024-04-02 07:00:00'),
(129, 17.00, 1, 22, 11, '2024-04-02 07:00:00', '2024-04-02 07:00:00'),
(130, 71.00, 1, 23, 26, '2024-04-02 07:00:00', '2024-04-02 07:00:00'),
(131, 47.00, 1, 23, 20, '2024-04-02 07:00:00', '2024-04-02 07:00:00'),
(132, 74.00, 1, 24, 8, '2024-04-03 07:00:00', '2024-04-03 07:00:00'),
(133, 26.00, 1, 24, 18, '2024-04-03 07:00:00', '2024-04-03 07:00:00'),
(134, 204.00, 1, 25, 26, '2024-04-03 07:00:00', '2024-04-03 07:00:00'),
(135, 13.00, 1, 25, 20, '2024-04-03 07:00:00', '2024-04-03 07:00:00'),
(136, 53.00, 1, 26, 26, '2024-04-03 07:00:00', '2024-04-03 07:00:00'),
(137, 16.00, 1, 26, 11, '2024-04-03 07:00:00', '2024-04-03 07:00:00'),
(138, 78.00, 1, 27, 25, '2024-04-03 07:00:00', '2024-04-03 07:00:00'),
(139, 46.00, 1, 27, 19, '2024-04-03 07:00:00', '2024-04-03 07:00:00'),
(140, 90.00, 1, 28, 9, '2024-04-04 07:00:00', '2024-04-04 07:00:00'),
(141, 29.00, 1, 28, 24, '2024-04-04 07:00:00', '2024-04-04 07:00:00'),
(142, 179.00, 1, 29, 26, '2024-04-04 07:00:00', '2024-04-04 07:00:00'),
(143, 15.00, 1, 29, 19, '2024-04-04 07:00:00', '2024-04-04 07:00:00'),
(144, 54.00, 1, 30, 26, '2024-04-04 07:00:00', '2024-04-04 07:00:00'),
(145, 15.00, 1, 30, 20, '2024-04-04 07:00:00', '2024-04-04 07:00:00'),
(146, 72.00, 1, 31, 25, '2024-04-04 07:00:00', '2024-04-04 07:00:00'),
(147, 53.00, 1, 31, 20, '2024-04-04 07:00:00', '2024-04-04 07:00:00'),
(148, 75.00, 1, 32, 22, '2024-04-05 07:00:00', '2024-04-05 07:00:00'),
(149, 25.00, 1, 32, 17, '2024-04-05 07:00:00', '2024-04-05 07:00:00'),
(150, 203.00, 1, 33, 25, '2024-04-05 07:00:00', '2024-04-05 07:00:00'),
(151, 13.00, 1, 33, 13, '2024-04-05 07:00:00', '2024-04-05 07:00:00'),
(152, 44.00, 1, 34, 19, '2024-04-05 07:00:00', '2024-04-05 07:00:00'),
(153, 12.00, 1, 34, 19, '2024-04-05 07:00:00', '2024-04-05 07:00:00'),
(154, 86.00, 1, 35, 24, '2024-04-05 07:00:00', '2024-04-05 07:00:00'),
(155, 42.00, 1, 35, 20, '2024-04-05 07:00:00', '2024-04-05 07:00:00'),
(156, 78.00, 1, 36, 15, '2024-04-06 07:00:00', '2024-04-06 07:00:00'),
(157, 25.00, 1, 36, 20, '2024-04-06 07:00:00', '2024-04-06 07:00:00'),
(158, 205.00, 1, 37, 9, '2024-04-06 07:00:00', '2024-04-06 07:00:00'),
(159, 12.00, 1, 37, 20, '2024-04-06 07:00:00', '2024-04-06 07:00:00'),
(160, 47.00, 1, 38, 19, '2024-04-06 07:00:00', '2024-04-06 07:00:00'),
(161, 15.00, 1, 38, 19, '2024-04-06 07:00:00', '2024-04-06 07:00:00'),
(162, 90.00, 1, 39, 25, '2024-04-06 07:00:00', '2024-04-06 07:00:00'),
(163, 46.00, 1, 39, 10, '2024-04-06 07:00:00', '2024-04-06 07:00:00'),
(164, 72.00, 1, 40, 10, '2024-04-07 07:00:00', '2024-04-07 07:00:00'),
(165, 32.00, 1, 40, 24, '2024-04-07 07:00:00', '2024-04-07 07:00:00'),
(166, 158.00, 1, 41, 19, '2024-04-07 07:00:00', '2024-04-07 07:00:00'),
(167, 15.00, 1, 41, 20, '2024-04-07 07:00:00', '2024-04-07 07:00:00'),
(168, 55.00, 1, 42, 19, '2024-04-07 07:00:00', '2024-04-07 07:00:00'),
(169, 15.00, 1, 42, 20, '2024-04-07 07:00:00', '2024-04-07 07:00:00'),
(170, 77.00, 1, 43, 25, '2024-04-07 07:00:00', '2024-04-07 07:00:00'),
(171, 49.00, 1, 43, 20, '2024-04-07 07:00:00', '2024-04-07 07:00:00'),
(172, 82.00, 1, 44, 15, '2024-04-08 07:00:00', '2024-04-08 07:00:00'),
(173, 34.00, 1, 44, 10, '2024-04-08 07:00:00', '2024-04-08 07:00:00'),
(174, 169.00, 1, 45, 9, '2024-04-08 07:00:00', '2024-04-08 07:00:00'),
(175, 14.00, 1, 45, 14, '2024-04-08 07:00:00', '2024-04-08 07:00:00'),
(176, 45.00, 1, 46, 19, '2024-04-08 07:00:00', '2024-04-08 07:00:00'),
(177, 14.00, 1, 46, 13, '2024-04-08 07:00:00', '2024-04-08 07:00:00'),
(178, 79.00, 1, 47, 24, '2024-04-08 07:00:00', '2024-04-08 07:00:00'),
(179, 49.00, 1, 47, 26, '2024-04-08 07:00:00', '2024-04-08 07:00:00'),
(180, 83.00, 1, 48, 15, '2024-04-09 07:00:00', '2024-04-09 07:00:00'),
(181, 31.00, 1, 48, 17, '2024-04-09 07:00:00', '2024-04-09 07:00:00'),
(182, 166.00, 1, 49, 25, '2024-04-09 07:00:00', '2024-04-09 07:00:00'),
(183, 17.00, 1, 49, 14, '2024-04-09 07:00:00', '2024-04-09 07:00:00'),
(184, 46.00, 1, 50, 24, '2024-04-09 07:00:00', '2024-04-09 07:00:00'),
(185, 15.00, 1, 50, 11, '2024-04-09 07:00:00', '2024-04-09 07:00:00'),
(186, 78.00, 1, 51, 24, '2024-04-09 07:00:00', '2024-04-09 07:00:00'),
(187, 51.00, 1, 51, 26, '2024-04-09 07:00:00', '2024-04-09 07:00:00'),
(188, 74.00, 1, 52, 15, '2024-04-10 07:00:00', '2024-04-10 07:00:00'),
(189, 32.00, 1, 52, 24, '2024-04-10 07:00:00', '2024-04-10 07:00:00'),
(190, 176.00, 1, 53, 26, '2024-04-10 07:00:00', '2024-04-10 07:00:00'),
(191, 13.00, 1, 53, 11, '2024-04-10 07:00:00', '2024-04-10 07:00:00'),
(192, 48.00, 1, 54, 25, '2024-04-10 07:00:00', '2024-04-10 07:00:00'),
(193, 13.00, 1, 54, 20, '2024-04-10 07:00:00', '2024-04-10 07:00:00'),
(194, 87.00, 1, 55, 25, '2024-04-10 07:00:00', '2024-04-10 07:00:00'),
(195, 54.00, 1, 55, 10, '2024-04-10 07:00:00', '2024-04-10 07:00:00'),
(196, 85.00, 1, 56, 8, '2024-04-11 07:00:00', '2024-04-11 07:00:00'),
(197, 31.00, 1, 56, 18, '2024-04-11 07:00:00', '2024-04-11 07:00:00'),
(198, 201.00, 1, 57, 25, '2024-04-11 07:00:00', '2024-04-11 07:00:00'),
(199, 14.00, 1, 57, 19, '2024-04-11 07:00:00', '2024-04-11 07:00:00'),
(200, 52.00, 1, 58, 19, '2024-04-11 07:00:00', '2024-04-11 07:00:00'),
(201, 12.00, 1, 58, 13, '2024-04-11 07:00:00', '2024-04-11 07:00:00'),
(202, 88.00, 1, 59, 18, '2024-04-11 07:00:00', '2024-04-11 07:00:00'),
(203, 53.00, 1, 59, 26, '2024-04-11 07:00:00', '2024-04-11 07:00:00'),
(204, 68.00, 1, 60, 15, '2024-04-12 07:00:00', '2024-04-12 07:00:00'),
(205, 32.00, 1, 60, 17, '2024-04-12 07:00:00', '2024-04-12 07:00:00'),
(206, 158.00, 1, 61, 19, '2024-04-12 07:00:00', '2024-04-12 07:00:00'),
(207, 16.00, 1, 61, 14, '2024-04-12 07:00:00', '2024-04-12 07:00:00'),
(208, 51.00, 1, 62, 24, '2024-04-12 07:00:00', '2024-04-12 07:00:00'),
(209, 12.00, 1, 62, 14, '2024-04-12 07:00:00', '2024-04-12 07:00:00'),
(210, 70.00, 1, 63, 24, '2024-04-12 07:00:00', '2024-04-12 07:00:00'),
(211, 51.00, 1, 63, 10, '2024-04-12 07:00:00', '2024-04-12 07:00:00'),
(212, 68.00, 1, 64, 8, '2024-04-13 07:00:00', '2024-04-13 07:00:00'),
(213, 30.00, 1, 64, 20, '2024-04-13 07:00:00', '2024-04-13 07:00:00'),
(214, 165.00, 1, 65, 26, '2024-04-13 07:00:00', '2024-04-13 07:00:00'),
(215, 15.00, 1, 65, 19, '2024-04-13 07:00:00', '2024-04-13 07:00:00'),
(216, 49.00, 1, 66, 19, '2024-04-13 07:00:00', '2024-04-13 07:00:00'),
(217, 16.00, 1, 66, 14, '2024-04-13 07:00:00', '2024-04-13 07:00:00'),
(218, 70.00, 1, 67, 24, '2024-04-13 07:00:00', '2024-04-13 07:00:00'),
(219, 47.00, 1, 67, 10, '2024-04-13 07:00:00', '2024-04-13 07:00:00'),
(220, 84.00, 1, 68, 15, '2024-04-14 07:00:00', '2024-04-14 07:00:00'),
(221, 32.00, 1, 68, 17, '2024-04-14 07:00:00', '2024-04-14 07:00:00'),
(222, 200.00, 1, 69, 24, '2024-04-14 07:00:00', '2024-04-14 07:00:00'),
(223, 17.00, 1, 69, 13, '2024-04-14 07:00:00', '2024-04-14 07:00:00'),
(224, 43.00, 1, 70, 24, '2024-04-14 07:00:00', '2024-04-14 07:00:00'),
(225, 14.00, 1, 70, 13, '2024-04-14 07:00:00', '2024-04-14 07:00:00'),
(226, 85.00, 1, 71, 24, '2024-04-14 07:00:00', '2024-04-14 07:00:00'),
(227, 52.00, 1, 71, 19, '2024-04-14 07:00:00', '2024-04-14 07:00:00'),
(228, 75.00, 1, 72, 10, '2024-04-15 07:00:00', '2024-04-15 07:00:00'),
(229, 29.00, 1, 72, 17, '2024-04-15 07:00:00', '2024-04-15 07:00:00'),
(230, 165.00, 1, 73, 19, '2024-04-15 07:00:00', '2024-04-15 07:00:00'),
(231, 14.00, 1, 73, 14, '2024-04-15 07:00:00', '2024-04-15 07:00:00'),
(232, 51.00, 1, 74, 25, '2024-04-15 07:00:00', '2024-04-15 07:00:00'),
(233, 16.00, 1, 74, 19, '2024-04-15 07:00:00', '2024-04-15 07:00:00'),
(234, 73.00, 1, 75, 26, '2024-04-15 07:00:00', '2024-04-15 07:00:00'),
(235, 49.00, 1, 75, 20, '2024-04-15 07:00:00', '2024-04-15 07:00:00'),
(236, 73.00, 1, 76, 15, '2024-04-16 07:00:00', '2024-04-16 07:00:00'),
(237, 33.00, 1, 76, 20, '2024-04-16 07:00:00', '2024-04-16 07:00:00'),
(238, 185.00, 1, 77, 9, '2024-04-16 07:00:00', '2024-04-16 07:00:00'),
(239, 15.00, 1, 77, 13, '2024-04-16 07:00:00', '2024-04-16 07:00:00'),
(240, 42.00, 1, 78, 24, '2024-04-16 07:00:00', '2024-04-16 07:00:00'),
(241, 12.00, 1, 78, 13, '2024-04-16 07:00:00', '2024-04-16 07:00:00'),
(242, 73.00, 1, 79, 26, '2024-04-16 07:00:00', '2024-04-16 07:00:00'),
(243, 43.00, 1, 79, 10, '2024-04-16 07:00:00', '2024-04-16 07:00:00'),
(244, 81.00, 1, 80, 15, '2024-04-17 07:00:00', '2024-04-17 07:00:00'),
(245, 30.00, 1, 80, 18, '2024-04-17 07:00:00', '2024-04-17 07:00:00'),
(246, 193.00, 1, 81, 26, '2024-04-17 07:00:00', '2024-04-17 07:00:00'),
(247, 12.00, 1, 81, 13, '2024-04-17 07:00:00', '2024-04-17 07:00:00'),
(248, 46.00, 1, 82, 9, '2024-04-17 07:00:00', '2024-04-17 07:00:00'),
(249, 17.00, 1, 82, 20, '2024-04-17 07:00:00', '2024-04-17 07:00:00'),
(250, 87.00, 1, 83, 18, '2024-04-17 07:00:00', '2024-04-17 07:00:00'),
(251, 46.00, 1, 83, 19, '2024-04-17 07:00:00', '2024-04-17 07:00:00'),
(252, 82.00, 1, 84, 22, '2024-04-18 07:00:00', '2024-04-18 07:00:00'),
(253, 32.00, 1, 84, 24, '2024-04-18 07:00:00', '2024-04-18 07:00:00'),
(254, 175.00, 1, 85, 19, '2024-04-18 07:00:00', '2024-04-18 07:00:00'),
(255, 14.00, 1, 85, 14, '2024-04-18 07:00:00', '2024-04-18 07:00:00'),
(256, 50.00, 1, 86, 24, '2024-04-18 07:00:00', '2024-04-18 07:00:00'),
(257, 17.00, 1, 86, 19, '2024-04-18 07:00:00', '2024-04-18 07:00:00'),
(258, 76.00, 1, 87, 26, '2024-04-18 07:00:00', '2024-04-18 07:00:00'),
(259, 43.00, 1, 87, 10, '2024-04-18 07:00:00', '2024-04-18 07:00:00'),
(260, 79.00, 1, 88, 8, '2024-04-19 07:00:00', '2024-04-19 07:00:00'),
(261, 33.00, 1, 88, 10, '2024-04-19 07:00:00', '2024-04-19 07:00:00'),
(262, 165.00, 1, 89, 26, '2024-04-19 07:00:00', '2024-04-19 07:00:00'),
(263, 16.00, 1, 89, 20, '2024-04-19 07:00:00', '2024-04-19 07:00:00'),
(264, 54.00, 1, 90, 9, '2024-04-19 07:00:00', '2024-04-19 07:00:00'),
(265, 17.00, 1, 90, 20, '2024-04-19 07:00:00', '2024-04-19 07:00:00'),
(266, 74.00, 1, 91, 24, '2024-04-19 07:00:00', '2024-04-19 07:00:00'),
(267, 44.00, 1, 91, 19, '2024-04-19 07:00:00', '2024-04-19 07:00:00'),
(268, 78.00, 1, 92, 15, '2024-04-20 07:00:00', '2024-04-20 07:00:00'),
(269, 29.00, 1, 92, 10, '2024-04-20 07:00:00', '2024-04-20 07:00:00'),
(270, 180.00, 1, 93, 9, '2024-04-20 07:00:00', '2024-04-20 07:00:00'),
(271, 17.00, 1, 93, 13, '2024-04-20 07:00:00', '2024-04-20 07:00:00'),
(272, 44.00, 1, 94, 9, '2024-04-20 07:00:00', '2024-04-20 07:00:00'),
(273, 16.00, 1, 94, 14, '2024-04-20 07:00:00', '2024-04-20 07:00:00'),
(274, 84.00, 1, 95, 18, '2024-04-20 07:00:00', '2024-04-20 07:00:00'),
(275, 56.00, 1, 95, 20, '2024-04-20 07:00:00', '2024-04-20 07:00:00'),
(276, 84.00, 1, 96, 10, '2024-04-21 07:00:00', '2024-04-21 07:00:00'),
(277, 32.00, 1, 96, 17, '2024-04-21 07:00:00', '2024-04-21 07:00:00'),
(278, 179.00, 1, 97, 24, '2024-04-21 07:00:00', '2024-04-21 07:00:00'),
(279, 12.00, 1, 97, 20, '2024-04-21 07:00:00', '2024-04-21 07:00:00'),
(280, 51.00, 1, 98, 19, '2024-04-21 07:00:00', '2024-04-21 07:00:00'),
(281, 15.00, 1, 98, 20, '2024-04-21 07:00:00', '2024-04-21 07:00:00'),
(282, 74.00, 1, 99, 26, '2024-04-21 07:00:00', '2024-04-21 07:00:00'),
(283, 49.00, 1, 99, 19, '2024-04-21 07:00:00', '2024-04-21 07:00:00'),
(284, 87.00, 1, 100, 9, '2024-04-22 07:00:00', '2024-04-22 07:00:00'),
(285, 25.00, 1, 100, 24, '2024-04-22 07:00:00', '2024-04-22 07:00:00'),
(286, 163.00, 1, 101, 26, '2024-04-22 07:00:00', '2024-04-22 07:00:00'),
(287, 17.00, 1, 101, 14, '2024-04-22 07:00:00', '2024-04-22 07:00:00'),
(288, 53.00, 1, 102, 9, '2024-04-22 07:00:00', '2024-04-22 07:00:00'),
(289, 16.00, 1, 102, 13, '2024-04-22 07:00:00', '2024-04-22 07:00:00'),
(290, 87.00, 1, 103, 25, '2024-04-22 07:00:00', '2024-04-22 07:00:00'),
(291, 44.00, 1, 103, 19, '2024-04-22 07:00:00', '2024-04-22 07:00:00'),
(292, 85.00, 1, 104, 8, '2024-04-23 07:00:00', '2024-04-23 07:00:00'),
(293, 28.00, 1, 104, 10, '2024-04-23 07:00:00', '2024-04-23 07:00:00'),
(294, 166.00, 1, 105, 19, '2024-04-23 07:00:00', '2024-04-23 07:00:00'),
(295, 12.00, 1, 105, 11, '2024-04-23 07:00:00', '2024-04-23 07:00:00'),
(296, 49.00, 1, 106, 26, '2024-04-23 07:00:00', '2024-04-23 07:00:00'),
(297, 14.00, 1, 106, 14, '2024-04-23 07:00:00', '2024-04-23 07:00:00'),
(298, 83.00, 1, 107, 25, '2024-04-23 07:00:00', '2024-04-23 07:00:00'),
(299, 53.00, 1, 107, 20, '2024-04-23 07:00:00', '2024-04-23 07:00:00'),
(300, 73.00, 1, 108, 10, '2024-04-24 07:00:00', '2024-04-24 07:00:00'),
(301, 25.00, 1, 108, 18, '2024-04-24 07:00:00', '2024-04-24 07:00:00'),
(302, 180.00, 1, 109, 9, '2024-04-24 07:00:00', '2024-04-24 07:00:00'),
(303, 15.00, 1, 109, 20, '2024-04-24 07:00:00', '2024-04-24 07:00:00'),
(304, 47.00, 1, 110, 25, '2024-04-24 07:00:00', '2024-04-24 07:00:00'),
(305, 16.00, 1, 110, 19, '2024-04-24 07:00:00', '2024-04-24 07:00:00'),
(306, 84.00, 1, 111, 25, '2024-04-24 07:00:00', '2024-04-24 07:00:00'),
(307, 42.00, 1, 111, 20, '2024-04-24 07:00:00', '2024-04-24 07:00:00'),
(308, 86.00, 1, 112, 15, '2024-04-25 07:00:00', '2024-04-25 07:00:00'),
(309, 30.00, 1, 112, 20, '2024-04-25 07:00:00', '2024-04-25 07:00:00'),
(310, 194.00, 1, 113, 9, '2024-04-25 07:00:00', '2024-04-25 07:00:00'),
(311, 16.00, 1, 113, 13, '2024-04-25 07:00:00', '2024-04-25 07:00:00'),
(312, 53.00, 1, 114, 26, '2024-04-25 07:00:00', '2024-04-25 07:00:00'),
(313, 17.00, 1, 114, 19, '2024-04-25 07:00:00', '2024-04-25 07:00:00'),
(314, 78.00, 1, 115, 24, '2024-04-25 07:00:00', '2024-04-25 07:00:00'),
(315, 53.00, 1, 115, 20, '2024-04-25 07:00:00', '2024-04-25 07:00:00'),
(316, 84.00, 1, 116, 15, '2024-04-26 07:00:00', '2024-04-26 07:00:00'),
(317, 32.00, 1, 116, 10, '2024-04-26 07:00:00', '2024-04-26 07:00:00'),
(318, 161.00, 1, 117, 26, '2024-04-26 07:00:00', '2024-04-26 07:00:00'),
(319, 13.00, 1, 117, 11, '2024-04-26 07:00:00', '2024-04-26 07:00:00'),
(320, 56.00, 1, 118, 25, '2024-04-26 07:00:00', '2024-04-26 07:00:00'),
(321, 13.00, 1, 118, 13, '2024-04-26 07:00:00', '2024-04-26 07:00:00'),
(322, 79.00, 1, 119, 25, '2024-04-26 07:00:00', '2024-04-26 07:00:00'),
(323, 44.00, 1, 119, 10, '2024-04-26 07:00:00', '2024-04-26 07:00:00'),
(324, 81.00, 1, 120, 15, '2024-04-27 07:00:00', '2024-04-27 07:00:00'),
(325, 27.00, 1, 120, 24, '2024-04-27 07:00:00', '2024-04-27 07:00:00'),
(326, 156.00, 1, 121, 25, '2024-04-27 07:00:00', '2024-04-27 07:00:00'),
(327, 16.00, 1, 121, 13, '2024-04-27 07:00:00', '2024-04-27 07:00:00'),
(328, 50.00, 1, 122, 24, '2024-04-27 07:00:00', '2024-04-27 07:00:00'),
(329, 14.00, 1, 122, 11, '2024-04-27 07:00:00', '2024-04-27 07:00:00'),
(330, 84.00, 1, 123, 26, '2024-04-27 07:00:00', '2024-04-27 07:00:00'),
(331, 48.00, 1, 123, 19, '2024-04-27 07:00:00', '2024-04-27 07:00:00'),
(332, 84.00, 1, 124, 8, '2024-04-28 07:00:00', '2024-04-28 07:00:00'),
(333, 33.00, 1, 124, 18, '2024-04-28 07:00:00', '2024-04-28 07:00:00'),
(334, 158.00, 1, 125, 24, '2024-04-28 07:00:00', '2024-04-28 07:00:00'),
(335, 13.00, 1, 125, 11, '2024-04-28 07:00:00', '2024-04-28 07:00:00'),
(336, 54.00, 1, 126, 19, '2024-04-28 07:00:00', '2024-04-28 07:00:00'),
(337, 17.00, 1, 126, 19, '2024-04-28 07:00:00', '2024-04-28 07:00:00'),
(338, 69.00, 1, 127, 25, '2024-04-28 07:00:00', '2024-04-28 07:00:00'),
(339, 54.00, 1, 127, 10, '2024-04-28 07:00:00', '2024-04-28 07:00:00'),
(340, 77.00, 1, 128, 22, '2024-04-29 07:00:00', '2024-04-29 07:00:00'),
(341, 53.00, 1, 128, 17, '2024-04-29 07:00:00', '2024-04-29 07:00:00'),
(342, 191.00, 1, 129, 25, '2024-04-29 07:00:00', '2024-04-29 07:00:00'),
(343, 27.00, 1, 129, 11, '2024-04-29 07:00:00', '2024-04-29 07:00:00'),
(344, 62.00, 1, 130, 25, '2024-04-29 07:00:00', '2024-04-29 07:00:00'),
(345, 13.00, 1, 130, 11, '2024-04-29 07:00:00', '2024-04-29 07:00:00'),
(346, 92.00, 1, 131, 18, '2024-04-29 07:00:00', '2024-04-29 07:00:00'),
(347, 52.00, 1, 131, 20, '2024-04-29 07:00:00', '2024-04-29 07:00:00'),
(348, 84.00, 1, 132, 10, '2024-04-30 07:00:00', '2024-04-30 07:00:00'),
(349, 31.00, 1, 132, 18, '2024-04-30 07:00:00', '2024-04-30 07:00:00'),
(350, 198.00, 1, 133, 19, '2024-04-30 07:00:00', '2024-04-30 07:00:00'),
(351, 16.00, 1, 133, 14, '2024-04-30 07:00:00', '2024-04-30 07:00:00'),
(352, 56.00, 1, 134, 9, '2024-04-30 07:00:00', '2024-04-30 07:00:00'),
(353, 14.00, 1, 134, 11, '2024-04-30 07:00:00', '2024-04-30 07:00:00'),
(354, 72.00, 1, 135, 18, '2024-04-30 07:00:00', '2024-04-30 07:00:00'),
(355, 53.00, 1, 135, 19, '2024-04-30 07:00:00', '2024-04-30 07:00:00'),
(356, 53.50, 4, 136, 15, '2024-05-02 11:25:18', '2024-05-02 11:25:18'),
(357, 53.50, 4, 136, 9, '2024-05-02 11:25:18', '2024-05-02 11:25:18'),
(358, 24.40, 4, 137, 15, '2024-05-02 11:25:22', '2024-05-02 11:25:22'),
(359, 53.50, 4, 138, 15, '2024-05-02 11:25:26', '2024-05-02 11:25:26'),
(360, 53.50, 4, 138, 9, '2024-05-02 11:25:26', '2024-05-02 11:25:26'),
(361, 32.07, 4, 139, 3, '2024-05-02 11:25:26', '2024-05-02 11:25:26'),
(362, 46.65, 4, 139, 21, '2024-05-02 11:25:26', '2024-05-02 11:25:26'),
(363, 16.23, 4, 139, 10, '2024-05-02 11:25:26', '2024-05-02 11:25:26'),
(364, 53.50, 4, 140, 15, '2024-05-06 05:35:28', '2024-05-06 05:35:28'),
(365, 53.50, 4, 140, 9, '2024-05-06 05:35:28', '2024-05-06 05:35:28'),
(366, 24.40, 4, 141, 15, '2024-05-06 05:35:28', '2024-05-06 05:35:28'),
(367, 53.50, 4, 142, 15, '2024-05-06 06:55:44', '2024-05-06 06:55:44'),
(368, 53.50, 4, 142, 9, '2024-05-06 06:55:44', '2024-05-06 06:55:44'),
(369, 24.40, 4, 143, 15, '2024-05-06 06:55:44', '2024-05-06 06:55:44'),
(370, 53.50, 4, 144, 15, '2024-05-07 11:11:23', '2024-05-07 11:11:23'),
(371, 53.50, 4, 144, 9, '2024-05-07 11:11:23', '2024-05-07 11:11:23'),
(372, 24.40, 4, 145, 15, '2024-05-07 11:11:24', '2024-05-07 11:11:24'),
(373, 53.50, 4, 146, 15, '2024-05-07 11:11:25', '2024-05-07 11:11:25'),
(374, 53.50, 4, 146, 9, '2024-05-07 11:11:25', '2024-05-07 11:11:25'),
(375, 32.07, 4, 147, 3, '2024-05-07 11:11:25', '2024-05-07 11:11:25'),
(376, 46.65, 4, 147, 21, '2024-05-07 11:11:25', '2024-05-07 11:11:25'),
(377, 16.23, 4, 147, 10, '2024-05-07 11:11:25', '2024-05-07 11:11:25'),
(378, 53.50, 4, 148, 15, '2024-05-07 11:37:08', '2024-05-07 11:37:08'),
(379, 53.50, 4, 148, 9, '2024-05-07 11:37:08', '2024-05-07 11:37:08'),
(380, 24.40, 4, 149, 15, '2024-05-07 11:37:09', '2024-05-07 11:37:09'),
(381, 53.50, 4, 150, 15, '2024-05-07 11:37:11', '2024-05-07 11:37:11'),
(382, 53.50, 4, 150, 9, '2024-05-07 11:37:11', '2024-05-07 11:37:11'),
(383, 32.07, 4, 151, 3, '2024-05-07 11:37:11', '2024-05-07 11:37:11'),
(384, 46.65, 4, 151, 21, '2024-05-07 11:37:11', '2024-05-07 11:37:11'),
(385, 16.23, 4, 151, 10, '2024-05-07 11:37:11', '2024-05-07 11:37:11'),
(386, 53.50, 4, 152, 15, '2024-05-07 12:02:44', '2024-05-07 12:02:44'),
(387, 53.50, 4, 152, 9, '2024-05-07 12:02:44', '2024-05-07 12:02:44'),
(388, 24.40, 4, 153, 15, '2024-05-07 12:02:45', '2024-05-07 12:02:45'),
(389, 53.50, 4, 154, 15, '2024-05-07 12:02:46', '2024-05-07 12:02:46'),
(390, 53.50, 4, 154, 9, '2024-05-07 12:02:46', '2024-05-07 12:02:46'),
(391, 32.07, 4, 155, 3, '2024-05-07 12:02:46', '2024-05-07 12:02:46'),
(392, 46.65, 4, 155, 21, '2024-05-07 12:02:46', '2024-05-07 12:02:46'),
(393, 16.23, 4, 155, 10, '2024-05-07 12:02:46', '2024-05-07 12:02:46');

-- --------------------------------------------------------

--
-- Estructura de tabla para la tabla `barcodes`
--

CREATE TABLE `barcodes` (
  `tipoalimento_id` bigint UNSIGNED NOT NULL,
  `ean` varchar(255) COLLATE utf8mb4_unicode_ci NOT NULL,
  `nombre` varchar(255) COLLATE utf8mb4_unicode_ci NOT NULL,
  `created_at` timestamp NULL DEFAULT NULL,
  `updated_at` timestamp NULL DEFAULT NULL
) ENGINE=InnoDB DEFAULT CHARSET=utf8mb4 COLLATE=utf8mb4_unicode_ci;

-- --------------------------------------------------------

--
-- Estructura de tabla para la tabla `comidas`
--

CREATE TABLE `comidas` (
  `id` bigint UNSIGNED NOT NULL,
  `fecha` timestamp NOT NULL,
  `created_at` timestamp NULL DEFAULT NULL,
  `updated_at` timestamp NULL DEFAULT NULL
) ENGINE=InnoDB DEFAULT CHARSET=utf8mb4 COLLATE=utf8mb4_unicode_ci;

--
-- Volcado de datos para la tabla `comidas`
--

INSERT INTO `comidas` (`id`, `fecha`, `created_at`, `updated_at`) VALUES
(1, '2023-12-05 15:25:25', '2024-03-31 16:00:51', '2024-03-31 16:00:51'),
(2, '2023-12-05 15:25:25', '2024-03-31 16:00:51', '2024-03-31 16:00:51'),
(3, '2023-12-05 15:25:25', '2024-03-31 16:00:51', '2024-03-31 16:00:51'),
(4, '2023-12-14 21:38:45', '2024-03-31 16:00:51', '2024-03-31 16:00:51'),
(5, '2023-12-14 21:38:45', '2024-03-31 16:00:51', '2024-03-31 16:00:51'),
(6, '2023-12-14 21:38:45', '2024-03-31 16:00:51', '2024-03-31 16:00:51'),
(7, '2024-01-19 14:55:36', '2024-04-15 09:10:34', '2024-04-15 09:10:34'),
(8, '2024-01-19 15:25:25', '2024-04-15 09:10:34', '2024-04-15 09:10:34'),
(9, '2024-01-19 07:39:36', '2024-04-15 09:10:34', '2024-04-15 09:10:34'),
(13, '2024-05-01 05:30:00', '2024-04-01 07:00:00', '2024-04-01 07:00:00'),
(14, '2024-05-01 11:30:00', '2024-04-01 07:00:00', '2024-04-01 07:00:00'),
(15, '2024-05-01 18:30:00', '2024-04-01 07:00:00', '2024-04-01 07:00:00'),
(16, '2024-05-02 05:30:00', '2024-04-02 07:00:00', '2024-04-02 07:00:00'),
(17, '2024-05-02 11:30:00', '2024-04-02 07:00:00', '2024-04-02 07:00:00'),
(18, '2024-05-02 18:30:00', '2024-04-02 07:00:00', '2024-04-02 07:00:00'),
(19, '2024-05-03 05:30:00', '2024-04-03 07:00:00', '2024-04-03 07:00:00'),
(20, '2024-05-03 11:30:00', '2024-04-03 07:00:00', '2024-04-03 07:00:00'),
(21, '2024-05-03 18:30:00', '2024-04-03 07:00:00', '2024-04-03 07:00:00'),
(22, '2024-05-04 05:30:00', '2024-04-04 07:00:00', '2024-04-04 07:00:00'),
(23, '2024-05-04 11:30:00', '2024-04-04 07:00:00', '2024-04-04 07:00:00'),
(24, '2024-05-04 18:30:00', '2024-04-04 07:00:00', '2024-04-04 07:00:00'),
(25, '2024-05-05 05:30:00', '2024-04-05 07:00:00', '2024-04-05 07:00:00'),
(26, '2024-05-05 11:30:00', '2024-04-05 07:00:00', '2024-04-05 07:00:00'),
(27, '2024-05-05 18:30:00', '2024-04-05 07:00:00', '2024-04-05 07:00:00'),
(28, '2024-05-06 05:30:00', '2024-04-06 07:00:00', '2024-04-06 07:00:00'),
(29, '2024-05-06 11:30:00', '2024-04-06 07:00:00', '2024-04-06 07:00:00'),
(30, '2024-05-06 18:30:00', '2024-04-06 07:00:00', '2024-04-06 07:00:00'),
(31, '2024-05-07 05:30:00', '2024-04-07 07:00:00', '2024-04-07 07:00:00'),
(32, '2024-05-07 11:30:00', '2024-04-07 07:00:00', '2024-04-07 07:00:00'),
(33, '2024-05-07 18:30:00', '2024-04-07 07:00:00', '2024-04-07 07:00:00'),
(34, '2024-05-08 05:30:00', '2024-04-08 07:00:00', '2024-04-08 07:00:00'),
(35, '2024-05-08 11:30:00', '2024-04-08 07:00:00', '2024-04-08 07:00:00'),
(36, '2024-05-08 18:30:00', '2024-04-08 07:00:00', '2024-04-08 07:00:00'),
(37, '2024-05-09 05:30:00', '2024-04-09 07:00:00', '2024-04-09 07:00:00'),
(38, '2024-05-09 11:30:00', '2024-04-09 07:00:00', '2024-04-09 07:00:00'),
(39, '2024-05-09 18:30:00', '2024-04-09 07:00:00', '2024-04-09 07:00:00'),
(40, '2024-05-10 05:30:00', '2024-04-10 07:00:00', '2024-04-10 07:00:00'),
(41, '2024-05-10 11:30:00', '2024-04-10 07:00:00', '2024-04-10 07:00:00'),
(42, '2024-05-10 18:30:00', '2024-04-10 07:00:00', '2024-04-10 07:00:00'),
(43, '2024-05-11 05:30:00', '2024-04-11 07:00:00', '2024-04-11 07:00:00'),
(44, '2024-05-11 11:30:00', '2024-04-11 07:00:00', '2024-04-11 07:00:00'),
(45, '2024-05-11 18:30:00', '2024-04-11 07:00:00', '2024-04-11 07:00:00'),
(46, '2024-05-12 05:30:00', '2024-04-12 07:00:00', '2024-04-12 07:00:00'),
(47, '2024-05-12 11:30:00', '2024-04-12 07:00:00', '2024-04-12 07:00:00'),
(48, '2024-05-12 18:30:00', '2024-04-12 07:00:00', '2024-04-12 07:00:00'),
(49, '2024-05-13 05:30:00', '2024-04-13 07:00:00', '2024-04-13 07:00:00'),
(50, '2024-05-13 11:30:00', '2024-04-13 07:00:00', '2024-04-13 07:00:00'),
(51, '2024-05-13 18:30:00', '2024-04-13 07:00:00', '2024-04-13 07:00:00'),
(52, '2024-05-14 05:30:00', '2024-04-14 07:00:00', '2024-04-14 07:00:00'),
(53, '2024-05-14 11:30:00', '2024-04-14 07:00:00', '2024-04-14 07:00:00'),
(54, '2024-05-14 18:30:00', '2024-04-14 07:00:00', '2024-04-14 07:00:00'),
(55, '2024-05-15 05:30:00', '2024-04-15 07:00:00', '2024-04-15 07:00:00'),
(56, '2024-05-15 11:30:00', '2024-04-15 07:00:00', '2024-04-15 07:00:00'),
(57, '2024-05-15 18:30:00', '2024-04-15 07:00:00', '2024-04-15 07:00:00'),
(58, '2024-05-16 05:30:00', '2024-04-16 07:00:00', '2024-04-16 07:00:00'),
(59, '2024-05-16 11:30:00', '2024-04-16 07:00:00', '2024-04-16 07:00:00'),
(60, '2024-05-16 18:30:00', '2024-04-16 07:00:00', '2024-04-16 07:00:00'),
(61, '2024-05-17 05:30:00', '2024-04-17 07:00:00', '2024-04-17 07:00:00'),
(62, '2024-05-17 11:30:00', '2024-04-17 07:00:00', '2024-04-17 07:00:00'),
(63, '2024-05-17 18:30:00', '2024-04-17 07:00:00', '2024-04-17 07:00:00'),
(64, '2024-05-18 05:30:00', '2024-04-18 07:00:00', '2024-04-18 07:00:00'),
(65, '2024-05-18 11:30:00', '2024-04-18 07:00:00', '2024-04-18 07:00:00'),
(66, '2024-05-18 18:30:00', '2024-04-18 07:00:00', '2024-04-18 07:00:00'),
(67, '2024-05-19 05:30:00', '2024-04-19 07:00:00', '2024-04-19 07:00:00'),
(68, '2024-05-19 11:30:00', '2024-04-19 07:00:00', '2024-04-19 07:00:00'),
(69, '2024-05-19 18:30:00', '2024-04-19 07:00:00', '2024-04-19 07:00:00'),
(70, '2024-05-20 05:30:00', '2024-04-20 07:00:00', '2024-04-20 07:00:00'),
(71, '2024-05-20 11:30:00', '2024-04-20 07:00:00', '2024-04-20 07:00:00'),
(72, '2024-05-20 18:30:00', '2024-04-20 07:00:00', '2024-04-20 07:00:00'),
(73, '2024-05-21 05:30:00', '2024-04-21 07:00:00', '2024-04-21 07:00:00'),
(74, '2024-05-21 11:30:00', '2024-04-21 07:00:00', '2024-04-21 07:00:00'),
(75, '2024-05-21 18:30:00', '2024-04-21 07:00:00', '2024-04-21 07:00:00'),
(76, '2024-05-22 05:30:00', '2024-04-22 07:00:00', '2024-04-22 07:00:00'),
(77, '2024-05-22 11:30:00', '2024-04-22 07:00:00', '2024-04-22 07:00:00'),
(78, '2024-05-22 18:30:00', '2024-04-22 07:00:00', '2024-04-22 07:00:00'),
(79, '2024-05-23 05:30:00', '2024-04-23 07:00:00', '2024-04-23 07:00:00'),
(80, '2024-05-23 11:30:00', '2024-04-23 07:00:00', '2024-04-23 07:00:00'),
(81, '2024-05-23 18:30:00', '2024-04-23 07:00:00', '2024-04-23 07:00:00'),
(82, '2024-05-24 05:30:00', '2024-04-24 07:00:00', '2024-04-24 07:00:00'),
(83, '2024-05-24 11:30:00', '2024-04-24 07:00:00', '2024-04-24 07:00:00'),
(84, '2024-05-24 18:30:00', '2024-04-24 07:00:00', '2024-04-24 07:00:00'),
(85, '2024-05-25 05:30:00', '2024-04-25 07:00:00', '2024-04-25 07:00:00'),
(86, '2024-05-25 11:30:00', '2024-04-25 07:00:00', '2024-04-25 07:00:00'),
(87, '2024-05-25 18:30:00', '2024-04-25 07:00:00', '2024-04-25 07:00:00'),
(88, '2024-05-26 05:30:00', '2024-04-26 07:00:00', '2024-04-26 07:00:00'),
(89, '2024-05-26 11:30:00', '2024-04-26 07:00:00', '2024-04-26 07:00:00'),
(90, '2024-05-26 18:30:00', '2024-04-26 07:00:00', '2024-04-26 07:00:00'),
(91, '2024-05-27 05:30:00', '2024-04-27 07:00:00', '2024-04-27 07:00:00'),
(92, '2024-05-27 11:30:00', '2024-04-27 07:00:00', '2024-04-27 07:00:00'),
(93, '2024-05-27 18:30:00', '2024-04-27 07:00:00', '2024-04-27 07:00:00'),
(94, '2024-05-28 05:30:00', '2024-04-28 07:00:00', '2024-04-28 07:00:00'),
(95, '2024-05-28 11:30:00', '2024-04-28 07:00:00', '2024-04-28 07:00:00'),
(96, '2024-05-28 18:30:00', '2024-04-28 07:00:00', '2024-04-28 07:00:00'),
(97, '2024-05-29 05:30:00', '2024-04-29 07:00:00', '2024-04-29 07:00:00'),
(98, '2024-05-29 11:30:00', '2024-04-29 07:00:00', '2024-04-29 07:00:00'),
(99, '2024-05-29 18:30:00', '2024-04-29 07:00:00', '2024-04-29 07:00:00'),
(100, '2024-05-30 05:30:00', '2024-04-30 07:00:00', '2024-04-30 07:00:00'),
(101, '2024-05-30 11:30:00', '2024-04-30 07:00:00', '2024-04-30 07:00:00'),
(102, '2024-05-30 18:30:00', '2024-04-30 07:00:00', '2024-04-30 07:00:00'),
(103, '2024-05-02 14:55:36', '2024-05-02 11:25:18', '2024-05-02 11:25:18'),
(104, '2024-05-02 15:25:25', '2024-05-02 11:25:22', '2024-05-02 11:25:22'),
(105, '2024-05-02 07:39:36', '2024-05-02 11:25:26', '2024-05-02 11:25:26'),
(106, '2023-12-05 14:55:36', '2024-05-06 05:35:28', '2024-05-06 05:35:28'),
(107, '2023-12-05 15:25:25', '2024-05-06 05:35:28', '2024-05-06 05:35:28'),
(108, '2023-12-05 14:55:36', '2024-05-06 06:55:44', '2024-05-06 06:55:44'),
(109, '2023-12-05 15:25:25', '2024-05-06 06:55:44', '2024-05-06 06:55:44'),
(110, '2024-05-02 14:55:36', '2024-05-07 11:11:23', '2024-05-07 11:11:23'),
(111, '2024-05-02 15:25:25', '2024-05-07 11:11:24', '2024-05-07 11:11:24'),
(112, '2024-05-02 07:39:36', '2024-05-07 11:11:25', '2024-05-07 11:11:25'),
(113, '2024-05-02 14:55:36', '2024-05-07 11:37:08', '2024-05-07 11:37:08'),
(114, '2024-05-02 15:25:25', '2024-05-07 11:37:09', '2024-05-07 11:37:09'),
(115, '2024-05-02 07:39:36', '2024-05-07 11:37:11', '2024-05-07 11:37:11'),
(116, '2024-05-02 14:55:36', '2024-05-07 12:02:44', '2024-05-07 12:02:44'),
(117, '2024-05-02 15:25:25', '2024-05-07 12:02:45', '2024-05-07 12:02:45'),
(118, '2024-05-02 07:39:36', '2024-05-07 12:02:46', '2024-05-07 12:02:46');

-- --------------------------------------------------------

--
-- Estructura de tabla para la tabla `failed_jobs`
--

CREATE TABLE `failed_jobs` (
  `id` bigint UNSIGNED NOT NULL,
  `uuid` varchar(255) COLLATE utf8mb4_unicode_ci NOT NULL,
  `connection` text COLLATE utf8mb4_unicode_ci NOT NULL,
  `queue` text COLLATE utf8mb4_unicode_ci NOT NULL,
  `payload` longtext COLLATE utf8mb4_unicode_ci NOT NULL,
  `exception` longtext COLLATE utf8mb4_unicode_ci NOT NULL,
  `failed_at` timestamp NOT NULL DEFAULT CURRENT_TIMESTAMP
) ENGINE=InnoDB DEFAULT CHARSET=utf8mb4 COLLATE=utf8mb4_unicode_ci;

-- --------------------------------------------------------

--
-- Estructura de tabla para la tabla `grupos`
--

CREATE TABLE `grupos` (
  `tipoalimento_id` bigint UNSIGNED NOT NULL,
  `cod_grupo` smallint NOT NULL,
  `nombre` varchar(255) COLLATE utf8mb4_unicode_ci NOT NULL,
  `created_at` timestamp NULL DEFAULT NULL,
  `updated_at` timestamp NULL DEFAULT NULL
) ENGINE=InnoDB DEFAULT CHARSET=utf8mb4 COLLATE=utf8mb4_unicode_ci;

--
-- Volcado de datos para la tabla `grupos`
--

INSERT INTO `grupos` (`tipoalimento_id`, `cod_grupo`, `nombre`, `created_at`, `updated_at`) VALUES
(1, 1, 'Lácteos enteros', '2023-05-18 08:21:24', '2023-05-18 08:21:24'),
(2, 2, 'Lácteos semidesnatados', '2023-05-18 08:25:24', '2023-05-18 08:25:24'),
(3, 3, 'Lácteos desnatados', '2023-05-18 08:30:24', '2023-05-18 08:30:24'),
(4, 4, 'Lácteos azucarados', '2023-05-18 08:35:24', '2023-05-18 08:35:24'),
(5, 5, 'Postres lácteos', '2023-05-18 08:40:24', '2023-05-18 08:40:24'),
(6, 6, 'Frutas frescas, desecadas y zumos', '2023-05-18 08:45:24', '2023-05-18 08:45:24'),
(7, 7, 'Hortalizas y verduras (crudas)', '2023-05-18 08:50:24', '2023-05-18 08:50:24'),
(8, 8, 'Cereales y tubérculos (crudos)', '2023-05-18 08:55:24', '2023-05-18 08:55:24'),
(9, 9, 'Legumbres (crudas)', '2023-05-18 09:21:24', '2023-05-18 09:21:24'),
(10, 10, 'Repostería, pastelería y otros', '2023-05-18 09:25:24', '2023-05-18 09:25:24'),
(11, 11, 'Grasas monoinsaturadas', '2023-05-18 09:30:24', '2023-05-18 09:30:24'),
(12, 12, 'Grasas poliinsaturadas', '2023-05-18 09:35:24', '2023-05-18 09:35:24'),
(13, 13, 'Grasas saturadas', '2023-05-18 09:40:24', '2023-05-18 09:40:24'),
(14, 14, 'Alimentos muy grasos (mezclas)', '2023-05-18 09:45:24', '2023-05-18 09:45:24'),
(15, 15, 'Azúcares y dulces', '2023-05-18 09:50:24', '2023-05-18 09:50:24'),
(16, 16, 'Proteínas con muy poca grasa (crudas)', '2023-05-18 09:55:24', '2023-05-18 09:55:24'),
(17, 17, 'Proteínas con poca grasa (crudas)', '2023-05-18 10:21:24', '2023-05-18 10:21:24'),
(18, 18, 'Proteínas semigrasas (crudas)', '2023-05-18 10:25:24', '2023-05-18 10:25:24'),
(19, 19, 'Proteínas con grasa', '2023-05-18 10:30:24', '2023-05-18 10:30:24'),
(20, 20, 'Proteínas con mucha grasa', '2023-05-18 10:35:24', '2023-05-18 10:35:24'),
(21, 27, 'Hortalizas y verduras (cocinadas)', '2023-05-18 10:40:24', '2023-05-18 10:40:24'),
(22, 28, 'Cereales y tubérculos (cocinados)', '2023-05-18 10:45:24', '2023-05-18 10:45:24'),
(23, 29, 'Legumbres (cocinadas)', '2023-05-18 10:50:24', '2023-05-18 10:50:24'),
(24, 36, 'Proteínas con muy poca grasa (cocinadas)', '2023-05-18 10:55:24', '2023-05-18 10:55:24'),
(25, 37, 'Proteínas con poca grasa (cocinadas)', '2023-05-18 11:21:24', '2023-05-18 11:21:24'),
(26, 38, 'Proteínas semigrasas (cocinadas)', '2023-05-18 11:25:24', '2023-05-18 11:25:24');

-- --------------------------------------------------------

--
-- Estructura de tabla para la tabla `ind_glucemicos`
--

CREATE TABLE `ind_glucemicos` (
  `valor` double(8,2) NOT NULL,
  `medicion_id` bigint UNSIGNED NOT NULL,
  `created_at` timestamp NULL DEFAULT NULL,
  `updated_at` timestamp NULL DEFAULT NULL
) ENGINE=InnoDB DEFAULT CHARSET=utf8mb4 COLLATE=utf8mb4_unicode_ci;

--
-- Volcado de datos para la tabla `ind_glucemicos`
--

INSERT INTO `ind_glucemicos` (`valor`, `medicion_id`, `created_at`, `updated_at`) VALUES
(80.00, 1, '2024-03-31 15:45:47', '2024-03-31 15:45:47'),
(83.00, 2, '2024-03-31 15:45:47', '2024-03-31 15:45:47'),
(11.00, 7, '2024-04-01 07:00:00', '2024-04-01 07:00:00'),
(4.00, 8, '2024-04-01 07:00:00', '2024-04-01 07:00:00'),
(7.00, 9, '2024-04-02 07:00:00', '2024-04-02 07:00:00'),
(12.00, 10, '2024-04-02 07:00:00', '2024-04-02 07:00:00'),
(6.00, 11, '2024-04-03 07:00:00', '2024-04-03 07:00:00'),
(12.00, 12, '2024-04-03 07:00:00', '2024-04-03 07:00:00'),
(11.00, 13, '2024-04-04 07:00:00', '2024-04-04 07:00:00'),
(11.00, 14, '2024-04-04 07:00:00', '2024-04-04 07:00:00'),
(5.00, 15, '2024-04-05 07:00:00', '2024-04-05 07:00:00'),
(10.00, 16, '2024-04-05 07:00:00', '2024-04-05 07:00:00'),
(10.00, 17, '2024-04-06 07:00:00', '2024-04-06 07:00:00'),
(2.00, 18, '2024-04-06 07:00:00', '2024-04-06 07:00:00'),
(5.00, 19, '2024-04-07 07:00:00', '2024-04-07 07:00:00'),
(4.00, 20, '2024-04-07 07:00:00', '2024-04-07 07:00:00'),
(4.00, 21, '2024-04-08 07:00:00', '2024-04-08 07:00:00'),
(8.00, 22, '2024-04-08 07:00:00', '2024-04-08 07:00:00'),
(10.00, 23, '2024-04-09 07:00:00', '2024-04-09 07:00:00'),
(1.00, 24, '2024-04-09 07:00:00', '2024-04-09 07:00:00'),
(12.00, 25, '2024-04-10 07:00:00', '2024-04-10 07:00:00'),
(11.00, 26, '2024-04-10 07:00:00', '2024-04-10 07:00:00'),
(8.00, 27, '2024-04-11 07:00:00', '2024-04-11 07:00:00'),
(12.00, 28, '2024-04-11 07:00:00', '2024-04-11 07:00:00'),
(10.00, 29, '2024-04-12 07:00:00', '2024-04-12 07:00:00'),
(5.00, 30, '2024-04-12 07:00:00', '2024-04-12 07:00:00'),
(4.00, 31, '2024-04-13 07:00:00', '2024-04-13 07:00:00'),
(8.00, 32, '2024-04-13 07:00:00', '2024-04-13 07:00:00'),
(12.00, 33, '2024-04-14 07:00:00', '2024-04-14 07:00:00'),
(6.00, 34, '2024-04-14 07:00:00', '2024-04-14 07:00:00'),
(1.00, 35, '2024-04-15 07:00:00', '2024-04-15 07:00:00'),
(3.00, 36, '2024-04-15 07:00:00', '2024-04-15 07:00:00'),
(5.00, 37, '2024-04-16 07:00:00', '2024-04-16 07:00:00'),
(5.00, 38, '2024-04-16 07:00:00', '2024-04-16 07:00:00'),
(8.00, 39, '2024-04-17 07:00:00', '2024-04-17 07:00:00'),
(4.00, 40, '2024-04-17 07:00:00', '2024-04-17 07:00:00'),
(12.00, 41, '2024-04-18 07:00:00', '2024-04-18 07:00:00'),
(3.00, 42, '2024-04-18 07:00:00', '2024-04-18 07:00:00'),
(7.00, 43, '2024-04-19 07:00:00', '2024-04-19 07:00:00'),
(4.00, 44, '2024-04-19 07:00:00', '2024-04-19 07:00:00'),
(8.00, 45, '2024-04-20 07:00:00', '2024-04-20 07:00:00'),
(9.00, 46, '2024-04-20 07:00:00', '2024-04-20 07:00:00'),
(8.00, 47, '2024-04-21 07:00:00', '2024-04-21 07:00:00'),
(6.00, 48, '2024-04-21 07:00:00', '2024-04-21 07:00:00'),
(1.00, 49, '2024-04-22 07:00:00', '2024-04-22 07:00:00'),
(2.00, 50, '2024-04-22 07:00:00', '2024-04-22 07:00:00'),
(9.00, 51, '2024-04-23 07:00:00', '2024-04-23 07:00:00'),
(7.00, 52, '2024-04-23 07:00:00', '2024-04-23 07:00:00'),
(12.00, 53, '2024-04-24 07:00:00', '2024-04-24 07:00:00'),
(11.00, 54, '2024-04-24 07:00:00', '2024-04-24 07:00:00'),
(8.00, 55, '2024-04-25 07:00:00', '2024-04-25 07:00:00'),
(4.00, 56, '2024-04-25 07:00:00', '2024-04-25 07:00:00'),
(5.00, 57, '2024-04-26 07:00:00', '2024-04-26 07:00:00'),
(5.00, 58, '2024-04-26 07:00:00', '2024-04-26 07:00:00'),
(8.00, 59, '2024-04-27 07:00:00', '2024-04-27 07:00:00'),
(7.00, 60, '2024-04-27 07:00:00', '2024-04-27 07:00:00'),
(2.00, 61, '2024-04-28 07:00:00', '2024-04-28 07:00:00'),
(12.00, 62, '2024-04-28 07:00:00', '2024-04-28 07:00:00'),
(9.00, 63, '2024-04-29 07:00:00', '2024-04-29 07:00:00'),
(4.00, 64, '2024-04-29 07:00:00', '2024-04-29 07:00:00'),
(9.00, 65, '2024-04-30 07:00:00', '2024-04-30 07:00:00'),
(2.00, 66, '2024-04-30 07:00:00', '2024-04-30 07:00:00');

-- --------------------------------------------------------

--
-- Estructura de tabla para la tabla `insulinas`
--

CREATE TABLE `insulinas` (
  `valor` double(8,2) NOT NULL,
  `tipoinsulina` varchar(255) COLLATE utf8mb4_unicode_ci NOT NULL,
  `medicion_id` bigint UNSIGNED NOT NULL,
  `created_at` timestamp NULL DEFAULT NULL,
  `updated_at` timestamp NULL DEFAULT NULL
) ENGINE=InnoDB DEFAULT CHARSET=utf8mb4 COLLATE=utf8mb4_unicode_ci;

--
-- Volcado de datos para la tabla `insulinas`
--

INSERT INTO `insulinas` (`valor`, `tipoinsulina`, `medicion_id`, `created_at`, `updated_at`) VALUES
(15.00, 'Intermedia', 3, '2024-03-31 15:45:47', '2024-03-31 15:45:47'),
(17.00, 'Intermedia', 4, '2024-03-31 15:45:47', '2024-03-31 15:45:47'),
(17.00, 'Intermedia', 7, '2024-04-01 07:00:00', '2024-04-01 07:00:00'),
(20.00, 'Rápida', 8, '2024-04-01 07:00:00', '2024-04-01 07:00:00'),
(9.00, 'Intermedia', 9, '2024-04-02 07:00:00', '2024-04-02 07:00:00'),
(8.00, 'Lenta', 10, '2024-04-02 07:00:00', '2024-04-02 07:00:00'),
(10.00, 'Intermedia', 11, '2024-04-03 07:00:00', '2024-04-03 07:00:00'),
(16.00, 'Intermedia', 12, '2024-04-03 07:00:00', '2024-04-03 07:00:00'),
(11.00, 'Rápida', 13, '2024-04-04 07:00:00', '2024-04-04 07:00:00'),
(13.00, 'Intermedia', 14, '2024-04-04 07:00:00', '2024-04-04 07:00:00'),
(13.00, 'Lenta', 15, '2024-04-05 07:00:00', '2024-04-05 07:00:00'),
(5.00, 'Intermedia', 16, '2024-04-05 07:00:00', '2024-04-05 07:00:00'),
(17.00, 'Intermedia', 17, '2024-04-06 07:00:00', '2024-04-06 07:00:00'),
(20.00, 'Rápida', 18, '2024-04-06 07:00:00', '2024-04-06 07:00:00'),
(6.00, 'Rápida', 19, '2024-04-07 07:00:00', '2024-04-07 07:00:00'),
(11.00, 'Rápida', 20, '2024-04-07 07:00:00', '2024-04-07 07:00:00'),
(12.00, 'Rápida', 21, '2024-04-08 07:00:00', '2024-04-08 07:00:00'),
(7.00, 'Intermedia', 22, '2024-04-08 07:00:00', '2024-04-08 07:00:00'),
(18.00, 'Rápida', 23, '2024-04-09 07:00:00', '2024-04-09 07:00:00'),
(5.00, 'Rápida', 24, '2024-04-09 07:00:00', '2024-04-09 07:00:00'),
(8.00, 'Intermedia', 25, '2024-04-10 07:00:00', '2024-04-10 07:00:00'),
(6.00, 'Lenta', 26, '2024-04-10 07:00:00', '2024-04-10 07:00:00'),
(9.00, 'Intermedia', 27, '2024-04-11 07:00:00', '2024-04-11 07:00:00'),
(16.00, 'Intermedia', 28, '2024-04-11 07:00:00', '2024-04-11 07:00:00'),
(15.00, 'Intermedia', 29, '2024-04-12 07:00:00', '2024-04-12 07:00:00'),
(6.00, 'Lenta', 30, '2024-04-12 07:00:00', '2024-04-12 07:00:00'),
(20.00, 'Lenta', 31, '2024-04-13 07:00:00', '2024-04-13 07:00:00'),
(20.00, 'Lenta', 32, '2024-04-13 07:00:00', '2024-04-13 07:00:00'),
(16.00, 'Lenta', 33, '2024-04-14 07:00:00', '2024-04-14 07:00:00'),
(12.00, 'Rápida', 34, '2024-04-14 07:00:00', '2024-04-14 07:00:00'),
(15.00, 'Lenta', 35, '2024-04-15 07:00:00', '2024-04-15 07:00:00'),
(17.00, 'Rápida', 36, '2024-04-15 07:00:00', '2024-04-15 07:00:00'),
(17.00, 'Intermedia', 37, '2024-04-16 07:00:00', '2024-04-16 07:00:00'),
(7.00, 'Intermedia', 38, '2024-04-16 07:00:00', '2024-04-16 07:00:00'),
(17.00, 'Rápida', 39, '2024-04-17 07:00:00', '2024-04-17 07:00:00'),
(19.00, 'Rápida', 40, '2024-04-17 07:00:00', '2024-04-17 07:00:00'),
(5.00, 'Intermedia', 41, '2024-04-18 07:00:00', '2024-04-18 07:00:00'),
(19.00, 'Intermedia', 42, '2024-04-18 07:00:00', '2024-04-18 07:00:00'),
(6.00, 'Rápida', 43, '2024-04-19 07:00:00', '2024-04-19 07:00:00'),
(13.00, 'Intermedia', 44, '2024-04-19 07:00:00', '2024-04-19 07:00:00'),
(17.00, 'Lenta', 45, '2024-04-20 07:00:00', '2024-04-20 07:00:00'),
(16.00, 'Rápida', 46, '2024-04-20 07:00:00', '2024-04-20 07:00:00'),
(8.00, 'Lenta', 47, '2024-04-21 07:00:00', '2024-04-21 07:00:00'),
(16.00, 'Lenta', 48, '2024-04-21 07:00:00', '2024-04-21 07:00:00'),
(14.00, 'Rápida', 49, '2024-04-22 07:00:00', '2024-04-22 07:00:00'),
(18.00, 'Rápida', 50, '2024-04-22 07:00:00', '2024-04-22 07:00:00'),
(13.00, 'Rápida', 51, '2024-04-23 07:00:00', '2024-04-23 07:00:00'),
(10.00, 'Lenta', 52, '2024-04-23 07:00:00', '2024-04-23 07:00:00'),
(14.00, 'Intermedia', 53, '2024-04-24 07:00:00', '2024-04-24 07:00:00'),
(6.00, 'Intermedia', 54, '2024-04-24 07:00:00', '2024-04-24 07:00:00'),
(9.00, 'Rápida', 55, '2024-04-25 07:00:00', '2024-04-25 07:00:00'),
(10.00, 'Intermedia', 56, '2024-04-25 07:00:00', '2024-04-25 07:00:00'),
(20.00, 'Rápida', 57, '2024-04-26 07:00:00', '2024-04-26 07:00:00'),
(10.00, 'Rápida', 58, '2024-04-26 07:00:00', '2024-04-26 07:00:00'),
(11.00, 'Rápida', 59, '2024-04-27 07:00:00', '2024-04-27 07:00:00'),
(11.00, 'Lenta', 60, '2024-04-27 07:00:00', '2024-04-27 07:00:00'),
(5.00, 'Rápida', 61, '2024-04-28 07:00:00', '2024-04-28 07:00:00'),
(17.00, 'Lenta', 62, '2024-04-28 07:00:00', '2024-04-28 07:00:00'),
(15.00, 'Lenta', 63, '2024-04-29 07:00:00', '2024-04-29 07:00:00'),
(20.00, 'Rápida', 64, '2024-04-29 07:00:00', '2024-04-29 07:00:00'),
(15.00, 'Intermedia', 65, '2024-04-30 07:00:00', '2024-04-30 07:00:00'),
(15.00, 'Intermedia', 66, '2024-04-30 07:00:00', '2024-04-30 07:00:00');

-- --------------------------------------------------------

--
-- Estructura de tabla para la tabla `mantels`
--

CREATE TABLE `mantels` (
  `id` bigint UNSIGNED NOT NULL,
  `mac` varchar(255) COLLATE utf8mb4_unicode_ci NOT NULL,
  `activo` tinyint(1) NOT NULL,
  `user_id` bigint UNSIGNED DEFAULT NULL,
  `created_at` timestamp NULL DEFAULT NULL,
  `updated_at` timestamp NULL DEFAULT NULL
) ENGINE=InnoDB DEFAULT CHARSET=utf8mb4 COLLATE=utf8mb4_unicode_ci;

--
-- Volcado de datos para la tabla `mantels`
--

INSERT INTO `mantels` (`id`, `mac`, `activo`, `user_id`, `created_at`, `updated_at`) VALUES
(1, '08:D1:F9:CB:4C:24', 1, 1, '2023-05-19 08:21:24', '2023-05-19 08:21:24'),
(2, '01:02:03:04:05:AA', 1, 2, '2023-05-19 08:21:24', '2023-05-19 08:21:24'),
(3, '01:02:03:04:05:BB', 1, 3, '2023-05-19 08:21:24', '2023-05-19 08:21:24'),
(4, '01:02:03:04:05:CC', 1, NULL, '2023-05-19 08:21:24', '2023-05-19 08:21:24'),
(5, '01:02:03:04:05:DD', 1, NULL, '2023-05-19 08:21:24', '2023-05-19 08:21:24'),
(6, '3C:E9:0E:7C:3B:60', 1, 4, '2024-04-15 11:01:35', '2024-04-15 11:01:35');

-- --------------------------------------------------------

--
-- Estructura de tabla para la tabla `medicions`
--

CREATE TABLE `medicions` (
  `id` bigint UNSIGNED NOT NULL,
  `fecha` timestamp NOT NULL,
  `user_id` bigint UNSIGNED NOT NULL,
  `created_at` timestamp NULL DEFAULT NULL,
  `updated_at` timestamp NULL DEFAULT NULL
) ENGINE=InnoDB DEFAULT CHARSET=utf8mb4 COLLATE=utf8mb4_unicode_ci;

--
-- Volcado de datos para la tabla `medicions`
--

INSERT INTO `medicions` (`id`, `fecha`, `user_id`, `created_at`, `updated_at`) VALUES
(1, '2023-11-25 08:41:30', 1, '2024-03-31 15:45:47', '2024-03-31 15:45:47'),
(2, '2023-11-25 09:41:30', 1, '2024-03-31 15:45:47', '2024-03-31 15:45:47'),
(3, '2023-11-29 13:35:48', 1, '2024-03-31 15:45:47', '2024-03-31 15:45:47'),
(4, '2023-11-29 14:35:48', 1, '2024-03-31 15:45:47', '2024-03-31 15:45:47'),
(7, '2024-05-01 09:00:00', 1, '2024-04-01 07:00:00', '2024-04-01 07:00:00'),
(8, '2024-05-01 15:00:00', 1, '2024-04-01 07:00:00', '2024-04-01 07:00:00'),
(9, '2024-05-02 09:00:00', 1, '2024-04-02 07:00:00', '2024-04-02 07:00:00'),
(10, '2024-05-02 15:00:00', 1, '2024-04-02 07:00:00', '2024-04-02 07:00:00'),
(11, '2024-05-03 09:00:00', 1, '2024-04-03 07:00:00', '2024-04-03 07:00:00'),
(12, '2024-05-03 15:00:00', 1, '2024-04-03 07:00:00', '2024-04-03 07:00:00'),
(13, '2024-05-04 09:00:00', 1, '2024-04-04 07:00:00', '2024-04-04 07:00:00'),
(14, '2024-05-04 15:00:00', 1, '2024-04-04 07:00:00', '2024-04-04 07:00:00'),
(15, '2024-05-05 09:00:00', 1, '2024-04-05 07:00:00', '2024-04-05 07:00:00'),
(16, '2024-05-05 15:00:00', 1, '2024-04-05 07:00:00', '2024-04-05 07:00:00'),
(17, '2024-05-06 09:00:00', 1, '2024-04-06 07:00:00', '2024-04-06 07:00:00'),
(18, '2024-05-06 15:00:00', 1, '2024-04-06 07:00:00', '2024-04-06 07:00:00'),
(19, '2024-05-07 09:00:00', 1, '2024-04-07 07:00:00', '2024-04-07 07:00:00'),
(20, '2024-05-07 15:00:00', 1, '2024-04-07 07:00:00', '2024-04-07 07:00:00'),
(21, '2024-05-08 09:00:00', 1, '2024-04-08 07:00:00', '2024-04-08 07:00:00'),
(22, '2024-05-08 15:00:00', 1, '2024-04-08 07:00:00', '2024-04-08 07:00:00'),
(23, '2024-05-09 09:00:00', 1, '2024-04-09 07:00:00', '2024-04-09 07:00:00'),
(24, '2024-05-09 15:00:00', 1, '2024-04-09 07:00:00', '2024-04-09 07:00:00'),
(25, '2024-05-10 09:00:00', 1, '2024-04-10 07:00:00', '2024-04-10 07:00:00'),
(26, '2024-05-10 15:00:00', 1, '2024-04-10 07:00:00', '2024-04-10 07:00:00'),
(27, '2024-05-11 09:00:00', 1, '2024-04-11 07:00:00', '2024-04-11 07:00:00'),
(28, '2024-05-11 15:00:00', 1, '2024-04-11 07:00:00', '2024-04-11 07:00:00'),
(29, '2024-05-12 09:00:00', 1, '2024-04-12 07:00:00', '2024-04-12 07:00:00'),
(30, '2024-05-12 15:00:00', 1, '2024-04-12 07:00:00', '2024-04-12 07:00:00'),
(31, '2024-05-13 09:00:00', 1, '2024-04-13 07:00:00', '2024-04-13 07:00:00'),
(32, '2024-05-13 15:00:00', 1, '2024-04-13 07:00:00', '2024-04-13 07:00:00'),
(33, '2024-05-14 09:00:00', 1, '2024-04-14 07:00:00', '2024-04-14 07:00:00'),
(34, '2024-05-14 15:00:00', 1, '2024-04-14 07:00:00', '2024-04-14 07:00:00'),
(35, '2024-05-15 09:00:00', 1, '2024-04-15 07:00:00', '2024-04-15 07:00:00'),
(36, '2024-05-15 15:00:00', 1, '2024-04-15 07:00:00', '2024-04-15 07:00:00'),
(37, '2024-05-16 09:00:00', 1, '2024-04-16 07:00:00', '2024-04-16 07:00:00'),
(38, '2024-05-16 15:00:00', 1, '2024-04-16 07:00:00', '2024-04-16 07:00:00'),
(39, '2024-05-17 09:00:00', 1, '2024-04-17 07:00:00', '2024-04-17 07:00:00'),
(40, '2024-05-17 15:00:00', 1, '2024-04-17 07:00:00', '2024-04-17 07:00:00'),
(41, '2024-05-18 09:00:00', 1, '2024-04-18 07:00:00', '2024-04-18 07:00:00'),
(42, '2024-05-18 15:00:00', 1, '2024-04-18 07:00:00', '2024-04-18 07:00:00'),
(43, '2024-05-19 09:00:00', 1, '2024-04-19 07:00:00', '2024-04-19 07:00:00'),
(44, '2024-05-19 15:00:00', 1, '2024-04-19 07:00:00', '2024-04-19 07:00:00'),
(45, '2024-05-20 09:00:00', 1, '2024-04-20 07:00:00', '2024-04-20 07:00:00'),
(46, '2024-05-20 15:00:00', 1, '2024-04-20 07:00:00', '2024-04-20 07:00:00'),
(47, '2024-05-21 09:00:00', 1, '2024-04-21 07:00:00', '2024-04-21 07:00:00'),
(48, '2024-05-21 15:00:00', 1, '2024-04-21 07:00:00', '2024-04-21 07:00:00'),
(49, '2024-05-22 09:00:00', 1, '2024-04-22 07:00:00', '2024-04-22 07:00:00'),
(50, '2024-05-22 15:00:00', 1, '2024-04-22 07:00:00', '2024-04-22 07:00:00'),
(51, '2024-05-23 09:00:00', 1, '2024-04-23 07:00:00', '2024-04-23 07:00:00'),
(52, '2024-05-23 15:00:00', 1, '2024-04-23 07:00:00', '2024-04-23 07:00:00'),
(53, '2024-05-24 09:00:00', 1, '2024-04-24 07:00:00', '2024-04-24 07:00:00'),
(54, '2024-05-24 15:00:00', 1, '2024-04-24 07:00:00', '2024-04-24 07:00:00'),
(55, '2024-05-25 09:00:00', 1, '2024-04-25 07:00:00', '2024-04-25 07:00:00'),
(56, '2024-05-25 15:00:00', 1, '2024-04-25 07:00:00', '2024-04-25 07:00:00'),
(57, '2024-05-26 09:00:00', 1, '2024-04-26 07:00:00', '2024-04-26 07:00:00'),
(58, '2024-05-26 15:00:00', 1, '2024-04-26 07:00:00', '2024-04-26 07:00:00'),
(59, '2024-05-27 09:00:00', 1, '2024-04-27 07:00:00', '2024-04-27 07:00:00'),
(60, '2024-05-27 15:00:00', 1, '2024-04-27 07:00:00', '2024-04-27 07:00:00'),
(61, '2024-05-28 09:00:00', 1, '2024-04-28 07:00:00', '2024-04-28 07:00:00'),
(62, '2024-05-28 15:00:00', 1, '2024-04-28 07:00:00', '2024-04-28 07:00:00'),
(63, '2024-05-29 09:00:00', 1, '2024-04-29 07:00:00', '2024-04-29 07:00:00'),
(64, '2024-05-29 15:00:00', 1, '2024-04-29 07:00:00', '2024-04-29 07:00:00'),
(65, '2024-05-30 09:00:00', 1, '2024-04-30 07:00:00', '2024-04-30 07:00:00'),
(66, '2024-05-30 15:00:00', 1, '2024-04-30 07:00:00', '2024-04-30 07:00:00');

-- --------------------------------------------------------

--
-- Estructura de tabla para la tabla `migrations`
--

CREATE TABLE `migrations` (
  `id` int UNSIGNED NOT NULL,
  `migration` varchar(255) COLLATE utf8mb4_unicode_ci NOT NULL,
  `batch` int NOT NULL
) ENGINE=InnoDB DEFAULT CHARSET=utf8mb4 COLLATE=utf8mb4_unicode_ci;

--
-- Volcado de datos para la tabla `migrations`
--

INSERT INTO `migrations` (`id`, `migration`, `batch`) VALUES
(1, '2014_10_12_000000_create_users_table', 1),
(2, '2014_10_12_100000_create_password_reset_tokens_table', 1),
(3, '2019_08_19_000000_create_failed_jobs_table', 1),
(4, '2019_12_14_000001_create_personal_access_tokens_table', 1),
(5, '2024_01_01_224916_create_mantels_table', 1),
(6, '2024_01_02_110259_create_medicions_table', 1),
(7, '2024_01_02_110308_create_insulinas_table', 1),
(8, '2024_01_02_110611_create_ind_glucemicos_table', 1),
(9, '2024_01_02_110637_create_comidas_table', 1),
(10, '2024_01_02_110645_create_platos_table', 1),
(11, '2024_01_02_110647_create_tipo_alimentos_table', 1),
(12, '2024_01_02_110650_create_alimentos_table', 1),
(13, '2024_01_02_110707_create_grupos_table', 1),
(14, '2024_01_02_110713_create_barcodes_table', 1);

-- --------------------------------------------------------

--
-- Estructura de tabla para la tabla `password_reset_tokens`
--

CREATE TABLE `password_reset_tokens` (
  `email` varchar(255) COLLATE utf8mb4_unicode_ci NOT NULL,
  `token` varchar(255) COLLATE utf8mb4_unicode_ci NOT NULL,
  `created_at` timestamp NULL DEFAULT NULL
) ENGINE=InnoDB DEFAULT CHARSET=utf8mb4 COLLATE=utf8mb4_unicode_ci;

-- --------------------------------------------------------

--
-- Estructura de tabla para la tabla `personal_access_tokens`
--

CREATE TABLE `personal_access_tokens` (
  `id` bigint UNSIGNED NOT NULL,
  `tokenable_type` varchar(255) COLLATE utf8mb4_unicode_ci NOT NULL,
  `tokenable_id` bigint UNSIGNED NOT NULL,
  `name` varchar(255) COLLATE utf8mb4_unicode_ci NOT NULL,
  `token` varchar(64) COLLATE utf8mb4_unicode_ci NOT NULL,
  `abilities` text COLLATE utf8mb4_unicode_ci,
  `last_used_at` timestamp NULL DEFAULT NULL,
  `expires_at` timestamp NULL DEFAULT NULL,
  `created_at` timestamp NULL DEFAULT NULL,
  `updated_at` timestamp NULL DEFAULT NULL
) ENGINE=InnoDB DEFAULT CHARSET=utf8mb4 COLLATE=utf8mb4_unicode_ci;

--
-- Volcado de datos para la tabla `personal_access_tokens`
--

INSERT INTO `personal_access_tokens` (`id`, `tokenable_type`, `tokenable_id`, `name`, `token`, `abilities`, `last_used_at`, `expires_at`, `created_at`, `updated_at`) VALUES
(2, 'App\\Models\\User', 3, 'API TOKEN', '4497d3ef5b001c5050a6d766e18f0cede68160107670f4aa34cffb3b0bb52181', '[\"*\"]', NULL, NULL, '2024-04-15 09:09:33', '2024-04-15 09:09:33'),
(113, 'App\\Models\\User', 1, 'API TOKEN', '56075e6cd6df3aaddf0ad7cfa6017ba6c077245fc994535bb48cc41ad5e9091a', '[\"*\"]', NULL, NULL, '2024-05-04 07:53:30', '2024-05-04 07:53:30');

-- --------------------------------------------------------

--
-- Estructura de tabla para la tabla `platos`
--

CREATE TABLE `platos` (
  `id` bigint UNSIGNED NOT NULL,
  `comida_id` bigint UNSIGNED NOT NULL,
  `created_at` timestamp NULL DEFAULT NULL,
  `updated_at` timestamp NULL DEFAULT NULL
) ENGINE=InnoDB DEFAULT CHARSET=utf8mb4 COLLATE=utf8mb4_unicode_ci;

--
-- Volcado de datos para la tabla `platos`
--

INSERT INTO `platos` (`id`, `comida_id`, `created_at`, `updated_at`) VALUES
(1, 1, '2024-03-31 16:00:51', '2024-03-31 16:00:51'),
(2, 2, '2024-03-31 16:00:51', '2024-03-31 16:00:51'),
(3, 3, '2024-03-31 16:00:51', '2024-03-31 16:00:51'),
(4, 3, '2024-03-31 16:00:51', '2024-03-31 16:00:51'),
(5, 4, '2024-03-31 16:00:51', '2024-03-31 16:00:51'),
(6, 5, '2024-03-31 16:00:51', '2024-03-31 16:00:51'),
(7, 6, '2024-03-31 16:00:51', '2024-03-31 16:00:51'),
(16, 13, '2024-04-01 07:00:00', '2024-04-01 07:00:00'),
(17, 14, '2024-04-01 07:00:00', '2024-04-01 07:00:00'),
(18, 14, '2024-04-01 07:00:00', '2024-04-01 07:00:00'),
(19, 15, '2024-04-01 07:00:00', '2024-04-01 07:00:00'),
(20, 16, '2024-04-02 07:00:00', '2024-04-02 07:00:00'),
(21, 17, '2024-04-02 07:00:00', '2024-04-02 07:00:00'),
(22, 17, '2024-04-02 07:00:00', '2024-04-02 07:00:00'),
(23, 18, '2024-04-02 07:00:00', '2024-04-02 07:00:00'),
(24, 19, '2024-04-03 07:00:00', '2024-04-03 07:00:00'),
(25, 20, '2024-04-03 07:00:00', '2024-04-03 07:00:00'),
(26, 20, '2024-04-03 07:00:00', '2024-04-03 07:00:00'),
(27, 21, '2024-04-03 07:00:00', '2024-04-03 07:00:00'),
(28, 22, '2024-04-04 07:00:00', '2024-04-04 07:00:00'),
(29, 23, '2024-04-04 07:00:00', '2024-04-04 07:00:00'),
(30, 23, '2024-04-04 07:00:00', '2024-04-04 07:00:00'),
(31, 24, '2024-04-04 07:00:00', '2024-04-04 07:00:00'),
(32, 25, '2024-04-05 07:00:00', '2024-04-05 07:00:00'),
(33, 26, '2024-04-05 07:00:00', '2024-04-05 07:00:00'),
(34, 26, '2024-04-05 07:00:00', '2024-04-05 07:00:00'),
(35, 27, '2024-04-05 07:00:00', '2024-04-05 07:00:00'),
(36, 28, '2024-04-06 07:00:00', '2024-04-06 07:00:00'),
(37, 29, '2024-04-06 07:00:00', '2024-04-06 07:00:00'),
(38, 29, '2024-04-06 07:00:00', '2024-04-06 07:00:00'),
(39, 30, '2024-04-06 07:00:00', '2024-04-06 07:00:00'),
(40, 31, '2024-04-07 07:00:00', '2024-04-07 07:00:00'),
(41, 32, '2024-04-07 07:00:00', '2024-04-07 07:00:00'),
(42, 32, '2024-04-07 07:00:00', '2024-04-07 07:00:00'),
(43, 33, '2024-04-07 07:00:00', '2024-04-07 07:00:00'),
(44, 34, '2024-04-08 07:00:00', '2024-04-08 07:00:00'),
(45, 35, '2024-04-08 07:00:00', '2024-04-08 07:00:00'),
(46, 35, '2024-04-08 07:00:00', '2024-04-08 07:00:00'),
(47, 36, '2024-04-08 07:00:00', '2024-04-08 07:00:00'),
(48, 37, '2024-04-09 07:00:00', '2024-04-09 07:00:00'),
(49, 38, '2024-04-09 07:00:00', '2024-04-09 07:00:00'),
(50, 38, '2024-04-09 07:00:00', '2024-04-09 07:00:00'),
(51, 39, '2024-04-09 07:00:00', '2024-04-09 07:00:00'),
(52, 40, '2024-04-10 07:00:00', '2024-04-10 07:00:00'),
(53, 41, '2024-04-10 07:00:00', '2024-04-10 07:00:00'),
(54, 41, '2024-04-10 07:00:00', '2024-04-10 07:00:00'),
(55, 42, '2024-04-10 07:00:00', '2024-04-10 07:00:00'),
(56, 43, '2024-04-11 07:00:00', '2024-04-11 07:00:00'),
(57, 44, '2024-04-11 07:00:00', '2024-04-11 07:00:00'),
(58, 44, '2024-04-11 07:00:00', '2024-04-11 07:00:00'),
(59, 45, '2024-04-11 07:00:00', '2024-04-11 07:00:00'),
(60, 46, '2024-04-12 07:00:00', '2024-04-12 07:00:00'),
(61, 47, '2024-04-12 07:00:00', '2024-04-12 07:00:00'),
(62, 47, '2024-04-12 07:00:00', '2024-04-12 07:00:00'),
(63, 48, '2024-04-12 07:00:00', '2024-04-12 07:00:00'),
(64, 49, '2024-04-13 07:00:00', '2024-04-13 07:00:00'),
(65, 50, '2024-04-13 07:00:00', '2024-04-13 07:00:00'),
(66, 50, '2024-04-13 07:00:00', '2024-04-13 07:00:00'),
(67, 51, '2024-04-13 07:00:00', '2024-04-13 07:00:00'),
(68, 52, '2024-04-14 07:00:00', '2024-04-14 07:00:00'),
(69, 53, '2024-04-14 07:00:00', '2024-04-14 07:00:00'),
(70, 53, '2024-04-14 07:00:00', '2024-04-14 07:00:00'),
(71, 54, '2024-04-14 07:00:00', '2024-04-14 07:00:00'),
(72, 55, '2024-04-15 07:00:00', '2024-04-15 07:00:00'),
(73, 56, '2024-04-15 07:00:00', '2024-04-15 07:00:00'),
(74, 56, '2024-04-15 07:00:00', '2024-04-15 07:00:00'),
(75, 57, '2024-04-15 07:00:00', '2024-04-15 07:00:00'),
(76, 58, '2024-04-16 07:00:00', '2024-04-16 07:00:00'),
(77, 59, '2024-04-16 07:00:00', '2024-04-16 07:00:00'),
(78, 59, '2024-04-16 07:00:00', '2024-04-16 07:00:00'),
(79, 60, '2024-04-16 07:00:00', '2024-04-16 07:00:00'),
(80, 61, '2024-04-17 07:00:00', '2024-04-17 07:00:00'),
(81, 62, '2024-04-17 07:00:00', '2024-04-17 07:00:00'),
(82, 62, '2024-04-17 07:00:00', '2024-04-17 07:00:00'),
(83, 63, '2024-04-17 07:00:00', '2024-04-17 07:00:00'),
(84, 64, '2024-04-18 07:00:00', '2024-04-18 07:00:00'),
(85, 65, '2024-04-18 07:00:00', '2024-04-18 07:00:00'),
(86, 65, '2024-04-18 07:00:00', '2024-04-18 07:00:00'),
(87, 66, '2024-04-18 07:00:00', '2024-04-18 07:00:00'),
(88, 67, '2024-04-19 07:00:00', '2024-04-19 07:00:00'),
(89, 68, '2024-04-19 07:00:00', '2024-04-19 07:00:00'),
(90, 68, '2024-04-19 07:00:00', '2024-04-19 07:00:00'),
(91, 69, '2024-04-19 07:00:00', '2024-04-19 07:00:00'),
(92, 70, '2024-04-20 07:00:00', '2024-04-20 07:00:00'),
(93, 71, '2024-04-20 07:00:00', '2024-04-20 07:00:00'),
(94, 71, '2024-04-20 07:00:00', '2024-04-20 07:00:00'),
(95, 72, '2024-04-20 07:00:00', '2024-04-20 07:00:00'),
(96, 73, '2024-04-21 07:00:00', '2024-04-21 07:00:00'),
(97, 74, '2024-04-21 07:00:00', '2024-04-21 07:00:00'),
(98, 74, '2024-04-21 07:00:00', '2024-04-21 07:00:00'),
(99, 75, '2024-04-21 07:00:00', '2024-04-21 07:00:00'),
(100, 76, '2024-04-22 07:00:00', '2024-04-22 07:00:00'),
(101, 77, '2024-04-22 07:00:00', '2024-04-22 07:00:00'),
(102, 77, '2024-04-22 07:00:00', '2024-04-22 07:00:00'),
(103, 78, '2024-04-22 07:00:00', '2024-04-22 07:00:00'),
(104, 79, '2024-04-23 07:00:00', '2024-04-23 07:00:00'),
(105, 80, '2024-04-23 07:00:00', '2024-04-23 07:00:00'),
(106, 80, '2024-04-23 07:00:00', '2024-04-23 07:00:00'),
(107, 81, '2024-04-23 07:00:00', '2024-04-23 07:00:00'),
(108, 82, '2024-04-24 07:00:00', '2024-04-24 07:00:00'),
(109, 83, '2024-04-24 07:00:00', '2024-04-24 07:00:00'),
(110, 83, '2024-04-24 07:00:00', '2024-04-24 07:00:00'),
(111, 84, '2024-04-24 07:00:00', '2024-04-24 07:00:00'),
(112, 85, '2024-04-25 07:00:00', '2024-04-25 07:00:00'),
(113, 86, '2024-04-25 07:00:00', '2024-04-25 07:00:00'),
(114, 86, '2024-04-25 07:00:00', '2024-04-25 07:00:00'),
(115, 87, '2024-04-25 07:00:00', '2024-04-25 07:00:00'),
(116, 88, '2024-04-26 07:00:00', '2024-04-26 07:00:00'),
(117, 89, '2024-04-26 07:00:00', '2024-04-26 07:00:00'),
(118, 89, '2024-04-26 07:00:00', '2024-04-26 07:00:00'),
(119, 90, '2024-04-26 07:00:00', '2024-04-26 07:00:00'),
(120, 91, '2024-04-27 07:00:00', '2024-04-27 07:00:00'),
(121, 92, '2024-04-27 07:00:00', '2024-04-27 07:00:00'),
(122, 92, '2024-04-27 07:00:00', '2024-04-27 07:00:00'),
(123, 93, '2024-04-27 07:00:00', '2024-04-27 07:00:00'),
(124, 94, '2024-04-28 07:00:00', '2024-04-28 07:00:00'),
(125, 95, '2024-04-28 07:00:00', '2024-04-28 07:00:00'),
(126, 95, '2024-04-28 07:00:00', '2024-04-28 07:00:00'),
(127, 96, '2024-04-28 07:00:00', '2024-04-28 07:00:00'),
(128, 97, '2024-04-29 07:00:00', '2024-04-29 07:00:00'),
(129, 98, '2024-04-29 07:00:00', '2024-04-29 07:00:00'),
(130, 98, '2024-04-29 07:00:00', '2024-04-29 07:00:00'),
(131, 99, '2024-04-29 07:00:00', '2024-04-29 07:00:00'),
(132, 100, '2024-04-30 07:00:00', '2024-04-30 07:00:00'),
(133, 101, '2024-04-30 07:00:00', '2024-04-30 07:00:00'),
(134, 101, '2024-04-30 07:00:00', '2024-04-30 07:00:00'),
(135, 102, '2024-04-30 07:00:00', '2024-04-30 07:00:00'),
(136, 103, '2024-05-02 11:25:18', '2024-05-02 11:25:18'),
(137, 104, '2024-05-02 11:25:22', '2024-05-02 11:25:22'),
(138, 105, '2024-05-02 11:25:26', '2024-05-02 11:25:26'),
(139, 105, '2024-05-02 11:25:26', '2024-05-02 11:25:26'),
(140, 106, '2024-05-06 05:35:28', '2024-05-06 05:35:28'),
(141, 107, '2024-05-06 05:35:28', '2024-05-06 05:35:28'),
(142, 108, '2024-05-06 06:55:44', '2024-05-06 06:55:44'),
(143, 109, '2024-05-06 06:55:44', '2024-05-06 06:55:44'),
(144, 110, '2024-05-07 11:11:23', '2024-05-07 11:11:23'),
(145, 111, '2024-05-07 11:11:24', '2024-05-07 11:11:24'),
(146, 112, '2024-05-07 11:11:25', '2024-05-07 11:11:25'),
(147, 112, '2024-05-07 11:11:25', '2024-05-07 11:11:25'),
(148, 113, '2024-05-07 11:37:08', '2024-05-07 11:37:08'),
(149, 114, '2024-05-07 11:37:09', '2024-05-07 11:37:09'),
(150, 115, '2024-05-07 11:37:11', '2024-05-07 11:37:11'),
(151, 115, '2024-05-07 11:37:11', '2024-05-07 11:37:11'),
(152, 116, '2024-05-07 12:02:44', '2024-05-07 12:02:44'),
(153, 117, '2024-05-07 12:02:45', '2024-05-07 12:02:45'),
(154, 118, '2024-05-07 12:02:46', '2024-05-07 12:02:46'),
(155, 118, '2024-05-07 12:02:46', '2024-05-07 12:02:46');

-- --------------------------------------------------------

--
-- Estructura de tabla para la tabla `tipo_alimentos`
--

CREATE TABLE `tipo_alimentos` (
  `id` bigint UNSIGNED NOT NULL,
  `tipo` varchar(255) COLLATE utf8mb4_unicode_ci NOT NULL,
  `kcal_g` double(17,15) NOT NULL,
  `carb_g` double(17,15) NOT NULL,
  `lip_g` double(17,15) NOT NULL,
  `prot_g` double(17,15) NOT NULL,
  `created_at` timestamp NULL DEFAULT NULL,
  `updated_at` timestamp NULL DEFAULT NULL
) ENGINE=InnoDB DEFAULT CHARSET=utf8mb4 COLLATE=utf8mb4_unicode_ci;

--
-- Volcado de datos para la tabla `tipo_alimentos`
--

INSERT INTO `tipo_alimentos` (`id`, `tipo`, `kcal_g`, `carb_g`, `lip_g`, `prot_g`, `created_at`, `updated_at`) VALUES
(1, 'grupo', 0.684059925093633, 0.047191011235955, 0.037910112359551, 0.038014981273408, '2023-05-18 08:21:24', '2023-05-18 08:21:24'),
(2, 'grupo', 0.465000000000000, 0.046000000000000, 0.016000000000000, 0.033000000000000, '2023-05-18 08:25:24', '2023-05-18 08:25:24'),
(3, 'grupo', 0.391466666666667, 0.052133333333333, 0.001600000000000, 0.041822222222222, '2023-05-18 08:30:24', '2023-05-18 08:30:24'),
(4, 'grupo', 0.841395348837209, 0.131274418604651, 0.020679069767442, 0.032483720930233, '2023-05-18 08:35:24', '2023-05-18 08:35:24'),
(5, 'grupo', 1.130612244897960, 0.184489795918367, 0.026938775510204, 0.036653061224490, '2023-05-18 08:40:24', '2023-05-18 08:40:24'),
(6, 'grupo', 0.455913978494624, 0.102822580645161, 0.001747311827957, 0.007190860215054, '2023-05-18 08:45:24', '2023-05-18 08:45:24'),
(7, 'grupo', 0.224860335195531, 0.035195530726257, 0.003128491620112, 0.016737430167598, '2023-05-18 08:50:24', '2023-05-18 08:50:24'),
(8, 'grupo', 2.095873684210530, 0.425600000000000, 0.015621052631579, 0.063073684210526, '2023-05-18 08:55:24', '2023-05-18 08:55:24'),
(9, 'grupo', 3.010000000000000, 0.465000000000000, 0.030000000000000, 0.219000000000000, '2023-05-18 09:21:24', '2023-05-18 09:21:24'),
(10, 'grupo', 4.193949152542370, 0.501864406779661, 0.211423728813559, 0.071186440677966, '2023-05-18 09:25:24', '2023-05-18 09:25:24'),
(11, 'grupo', 6.517826086956520, 0.045652173913044, 0.679565217391304, 0.053478260869565, '2023-05-18 09:30:24', '2023-05-18 09:30:24'),
(12, 'grupo', 0.873750000000000, 0.009750000000000, 0.087937500000000, 0.011062500000000, '2023-05-18 09:35:24', '2023-05-18 09:35:24'),
(13, 'grupo', 3.625396825396830, 0.049206349206349, 0.367460317460317, 0.029365079365079, '2023-05-18 09:40:24', '2023-05-18 09:40:24'),
(14, 'grupo', 6.080000000000000, 0.003200000000000, 0.662400000000000, 0.027200000000000, '2023-05-18 09:45:24', '2023-05-18 09:45:24'),
(15, 'grupo', 3.491368421052630, 0.810947368421053, 0.018526315789474, 0.021052631578947, '2023-05-18 09:50:24', '2023-05-18 09:50:24'),
(16, 'grupo', 0.368903088391906, 0.002555910543131, 0.006709265175719, 0.073801916932907, '2023-05-18 09:55:24', '2023-05-18 09:55:24'),
(17, 'grupo', 0.734880000000000, 0.000960000000000, 0.030240000000000, 0.114560000000000, '2023-05-18 10:21:24', '2023-05-18 10:21:24'),
(18, 'grupo', 1.706813186813190, 0.008351648351648, 0.113186813186813, 0.153186813186813, '2023-05-18 10:25:24', '2023-05-18 10:25:24'),
(19, 'grupo', 3.601914893617020, 0.004468085106383, 0.299361702127660, 0.222765957446809, '2023-05-18 10:30:24', '2023-05-18 10:30:24'),
(20, 'grupo', 3.419606060606060, 0.016333333333333, 0.308212121212121, 0.145090909090909, '2023-05-18 10:35:24', '2023-05-18 10:35:24'),
(21, 'grupo', 0.237068965517241, 0.037106446776612, 0.003298350824588, 0.017646176911544, '2023-05-18 10:40:24', '2023-05-18 10:40:24'),
(22, 'grupo', 1.170534979423870, 0.237695473251029, 0.008724279835391, 0.035226337448560, '2023-05-18 10:45:24', '2023-05-18 10:45:24'),
(23, 'grupo', 1.119421487603310, 0.172933884297521, 0.011157024793388, 0.081446280991736, '2023-05-18 10:50:24', '2023-05-18 10:50:24'),
(24, 'grupo', 0.836939597315436, 0.005798657718121, 0.015221476510067, 0.167436241610738, '2023-05-18 10:55:24', '2023-05-18 10:55:24'),
(25, 'grupo', 1.321273972602740, 0.001726027397260, 0.054369863013699, 0.205972602739726, '2023-05-18 11:21:24', '2023-05-18 11:21:24'),
(26, 'grupo', 1.897038167938930, 0.009282442748092, 0.125801526717557, 0.170259541984733, '2023-05-18 11:25:24', '2023-05-18 11:25:24');

-- --------------------------------------------------------

--
-- Estructura de tabla para la tabla `users`
--

CREATE TABLE `users` (
  `id` bigint UNSIGNED NOT NULL,
  `name` varchar(255) COLLATE utf8mb4_unicode_ci NOT NULL,
  `email` varchar(255) COLLATE utf8mb4_unicode_ci NOT NULL,
  `age` smallint NOT NULL,
  `sex` varchar(255) COLLATE utf8mb4_unicode_ci NOT NULL,
  `email_verified_at` timestamp NULL DEFAULT NULL,
  `password` varchar(255) COLLATE utf8mb4_unicode_ci NOT NULL,
  `activo` tinyint(1) NOT NULL DEFAULT '1',
  `fecha_inicio` date NOT NULL DEFAULT '2024-03-31',
  `fecha_fin` date DEFAULT NULL,
  `image` blob,
  `remember_token` varchar(100) COLLATE utf8mb4_unicode_ci DEFAULT NULL,
  `created_at` timestamp NULL DEFAULT NULL,
  `updated_at` timestamp NULL DEFAULT NULL
) ENGINE=InnoDB DEFAULT CHARSET=utf8mb4 COLLATE=utf8mb4_unicode_ci;

--
-- Volcado de datos para la tabla `users`
--

INSERT INTO `users` (`id`, `name`, `email`, `age`, `sex`, `email_verified_at`, `password`, `activo`, `fecha_inicio`, `fecha_fin`, `image`, `remember_token`, `created_at`, `updated_at`) VALUES
(1, 'usuario1', 'pepe@pixelada.org', 40, 'Male', NULL, '$2y$12$AScQhjJ8PCiulikGTJpKve0J5HlNzzJzKDOYccJRmrdp54ETqRK12', 1, '2023-05-20', NULL, NULL, NULL, '2024-03-31 15:45:47', '2024-04-28 13:05:18'),
(2, 'usuario2', 'usuario2@mail.com', 40, 'Male', NULL, '$2y$12$8CfrC3UurwRkgHPHwsyW0e/tzIZzJtoD0P31W2PJKhro.Lrju.56G', 1, '2023-05-20', NULL, NULL, NULL, '2024-03-31 15:45:47', '2024-03-31 15:45:47'),
(3, 'usuario3', 'usuario3@mail.com', 45, 'Male', NULL, '$2y$12$Nbnyak1RwPfhOW1JmvNqUuaotfncghJ3zPEySoBJOJFtyXyZSNyaC', 1, '2023-05-20', NULL, NULL, NULL, '2024-03-31 15:45:47', '2024-03-31 15:45:47'),
(4, 'usuarioESP32', 'usuarioESP32@mail.com', 25, 'Female', NULL, '', 1, '2024-03-31', NULL, NULL, NULL, '2024-04-15 11:07:49', '2024-04-15 11:07:49');

--
-- Índices para tablas volcadas
--

--
-- Indices de la tabla `alimentos`
--
ALTER TABLE `alimentos`
  ADD PRIMARY KEY (`id`),
  ADD KEY `alimentos_user_id_foreign` (`user_id`),
  ADD KEY `alimentos_plato_id_foreign` (`plato_id`),
  ADD KEY `alimentos_tipoalimento_id_foreign` (`tipoalimento_id`);

--
-- Indices de la tabla `barcodes`
--
ALTER TABLE `barcodes`
  ADD KEY `barcodes_tipoalimento_id_foreign` (`tipoalimento_id`);

--
-- Indices de la tabla `comidas`
--
ALTER TABLE `comidas`
  ADD PRIMARY KEY (`id`);

--
-- Indices de la tabla `failed_jobs`
--
ALTER TABLE `failed_jobs`
  ADD PRIMARY KEY (`id`),
  ADD UNIQUE KEY `failed_jobs_uuid_unique` (`uuid`);

--
-- Indices de la tabla `grupos`
--
ALTER TABLE `grupos`
  ADD KEY `grupos_tipoalimento_id_foreign` (`tipoalimento_id`);

--
-- Indices de la tabla `ind_glucemicos`
--
ALTER TABLE `ind_glucemicos`
  ADD PRIMARY KEY (`medicion_id`);

--
-- Indices de la tabla `insulinas`
--
ALTER TABLE `insulinas`
  ADD PRIMARY KEY (`medicion_id`);

--
-- Indices de la tabla `mantels`
--
ALTER TABLE `mantels`
  ADD PRIMARY KEY (`id`),
  ADD KEY `mantels_user_id_foreign` (`user_id`);

--
-- Indices de la tabla `medicions`
--
ALTER TABLE `medicions`
  ADD PRIMARY KEY (`id`),
  ADD KEY `medicions_user_id_foreign` (`user_id`);

--
-- Indices de la tabla `migrations`
--
ALTER TABLE `migrations`
  ADD PRIMARY KEY (`id`);

--
-- Indices de la tabla `password_reset_tokens`
--
ALTER TABLE `password_reset_tokens`
  ADD PRIMARY KEY (`email`);

--
-- Indices de la tabla `personal_access_tokens`
--
ALTER TABLE `personal_access_tokens`
  ADD PRIMARY KEY (`id`),
  ADD UNIQUE KEY `personal_access_tokens_token_unique` (`token`),
  ADD KEY `personal_access_tokens_tokenable_type_tokenable_id_index` (`tokenable_type`,`tokenable_id`);

--
-- Indices de la tabla `platos`
--
ALTER TABLE `platos`
  ADD PRIMARY KEY (`id`),
  ADD KEY `platos_comida_id_foreign` (`comida_id`);

--
-- Indices de la tabla `tipo_alimentos`
--
ALTER TABLE `tipo_alimentos`
  ADD PRIMARY KEY (`id`);

--
-- Indices de la tabla `users`
--
ALTER TABLE `users`
  ADD PRIMARY KEY (`id`),
  ADD UNIQUE KEY `users_name_unique` (`name`),
  ADD UNIQUE KEY `users_email_unique` (`email`);

--
-- AUTO_INCREMENT de las tablas volcadas
--

--
-- AUTO_INCREMENT de la tabla `alimentos`
--
ALTER TABLE `alimentos`
  MODIFY `id` bigint UNSIGNED NOT NULL AUTO_INCREMENT, AUTO_INCREMENT=394;

--
-- AUTO_INCREMENT de la tabla `comidas`
--
ALTER TABLE `comidas`
  MODIFY `id` bigint UNSIGNED NOT NULL AUTO_INCREMENT, AUTO_INCREMENT=119;

--
-- AUTO_INCREMENT de la tabla `failed_jobs`
--
ALTER TABLE `failed_jobs`
  MODIFY `id` bigint UNSIGNED NOT NULL AUTO_INCREMENT;

--
-- AUTO_INCREMENT de la tabla `mantels`
--
ALTER TABLE `mantels`
  MODIFY `id` bigint UNSIGNED NOT NULL AUTO_INCREMENT, AUTO_INCREMENT=8;

--
-- AUTO_INCREMENT de la tabla `medicions`
--
ALTER TABLE `medicions`
  MODIFY `id` bigint UNSIGNED NOT NULL AUTO_INCREMENT, AUTO_INCREMENT=67;

--
-- AUTO_INCREMENT de la tabla `migrations`
--
ALTER TABLE `migrations`
  MODIFY `id` int UNSIGNED NOT NULL AUTO_INCREMENT, AUTO_INCREMENT=15;

--
-- AUTO_INCREMENT de la tabla `personal_access_tokens`
--
ALTER TABLE `personal_access_tokens`
  MODIFY `id` bigint UNSIGNED NOT NULL AUTO_INCREMENT, AUTO_INCREMENT=123;

--
-- AUTO_INCREMENT de la tabla `platos`
--
ALTER TABLE `platos`
  MODIFY `id` bigint UNSIGNED NOT NULL AUTO_INCREMENT, AUTO_INCREMENT=156;

--
-- AUTO_INCREMENT de la tabla `tipo_alimentos`
--
ALTER TABLE `tipo_alimentos`
  MODIFY `id` bigint UNSIGNED NOT NULL AUTO_INCREMENT, AUTO_INCREMENT=27;

--
-- AUTO_INCREMENT de la tabla `users`
--
ALTER TABLE `users`
  MODIFY `id` bigint UNSIGNED NOT NULL AUTO_INCREMENT, AUTO_INCREMENT=7;

--
-- Restricciones para tablas volcadas
--

--
-- Filtros para la tabla `alimentos`
--
ALTER TABLE `alimentos`
  ADD CONSTRAINT `alimentos_plato_id_foreign` FOREIGN KEY (`plato_id`) REFERENCES `platos` (`id`),
  ADD CONSTRAINT `alimentos_tipoalimento_id_foreign` FOREIGN KEY (`tipoalimento_id`) REFERENCES `tipo_alimentos` (`id`),
  ADD CONSTRAINT `alimentos_user_id_foreign` FOREIGN KEY (`user_id`) REFERENCES `users` (`id`);

--
-- Filtros para la tabla `barcodes`
--
ALTER TABLE `barcodes`
  ADD CONSTRAINT `barcodes_tipoalimento_id_foreign` FOREIGN KEY (`tipoalimento_id`) REFERENCES `tipo_alimentos` (`id`);

--
-- Filtros para la tabla `grupos`
--
ALTER TABLE `grupos`
  ADD CONSTRAINT `grupos_tipoalimento_id_foreign` FOREIGN KEY (`tipoalimento_id`) REFERENCES `tipo_alimentos` (`id`);

--
-- Filtros para la tabla `ind_glucemicos`
--
ALTER TABLE `ind_glucemicos`
  ADD CONSTRAINT `ind_glucemicos_medicion_id_foreign` FOREIGN KEY (`medicion_id`) REFERENCES `medicions` (`id`);

--
-- Filtros para la tabla `insulinas`
--
ALTER TABLE `insulinas`
  ADD CONSTRAINT `insulinas_medicion_id_foreign` FOREIGN KEY (`medicion_id`) REFERENCES `medicions` (`id`);

--
-- Filtros para la tabla `mantels`
--
ALTER TABLE `mantels`
  ADD CONSTRAINT `mantels_user_id_foreign` FOREIGN KEY (`user_id`) REFERENCES `users` (`id`) ON DELETE SET NULL;

--
-- Filtros para la tabla `medicions`
--
ALTER TABLE `medicions`
  ADD CONSTRAINT `medicions_user_id_foreign` FOREIGN KEY (`user_id`) REFERENCES `users` (`id`);

--
-- Filtros para la tabla `platos`
--
ALTER TABLE `platos`
  ADD CONSTRAINT `platos_comida_id_foreign` FOREIGN KEY (`comida_id`) REFERENCES `comidas` (`id`);
COMMIT;

/*!40101 SET CHARACTER_SET_CLIENT=@OLD_CHARACTER_SET_CLIENT */;
/*!40101 SET CHARACTER_SET_RESULTS=@OLD_CHARACTER_SET_RESULTS */;
/*!40101 SET COLLATION_CONNECTION=@OLD_COLLATION_CONNECTION */;
